Cat.,Zaneen Model #,Series,Description, CAD MSRP  ,USD MSRP 
D,D4-1000WHI,ARBOR,Suspension -12x4.5W LED -120V -3000K -4200lm - White,2666.00,2142.00
D,D4-1000WHI-ALM,ARBOR,Suspension -12x4.5W LED -120V -3000K -4200lm - White - Aluminum,2898.00,2330.00
D,D4-1000WHI-GRY,ARBOR,Suspension -12x4.5W LED -120V -3000K -4200lm - White - Dove Gray,2666.00,2142.00
D,D4-1000GSR,ARBOR,Suspension -12x4.5W LED -120V -3000K -4200lm - Gold Silver,2898.00,2330.00
D,D4-1000CSR,ARBOR,Suspension -12x4.5W LED -120V -3000K -4200lm - Copper Silver,2898.00,2330.00
D,D4-1001WHI,ARBOR,Suspension -20x4.5W LED -120V -3000K -7000lm - White,3608.00,2900.00
D,D4-1001WHI-ALM,ARBOR,Suspension -20x4.5W LED -120V -3000K -7000lm - White - Aluminum,4002.00,3220.00
D,D4-1001WHI-GRY,ARBOR,Suspension -20x4.5W LED -120V -3000K -7000lm - White - Dove Gray,3608.00,2900.00
D,D4-1001GSR,ARBOR,Suspension -20x4.5W LED -120V -3000K -7000lm - Gold Silver,4002.00,3220.00
D,D4-1001CSR,ARBOR,Suspension -20x4.5W LED -120V -3000K -7000lm - Copper Silver,4002.00,3220.00
D,D4-1002WHI,ARBOR,Suspension -30x4.5W LED -120V -3000K -10500lm - White,5700.00,4584.00
D,D4-1002WHI-ALM,ARBOR,Suspension -30x4.5W LED -120V -3000K -10500lm - White - Aluminum,6294.00,5062.00
D,D4-1002WHI-GRY,ARBOR,Suspension -30x4.5W LED -120V -3000K -10500lm - White - Dove Gray,5700.00,4584.00
D,D4-1002GSR,ARBOR,Suspension -30x4.5W LED -120V -3000K -10500lm - Gold Silver,6294.00,5062.00
D,D4-1002CSR,ARBOR,Suspension -30x4.5W LED -120V -3000K -10500lm - Copper Silver,6294.00,5062.00
D,D4-2000WHI,ARBOR,Surface/Ceiling -12x4.5W LED -120V -3000K -4200lm - White,2468.00,1984.00
D,D4-2000WHI-ALM,ARBOR,Surface/Ceiling -12x4.5W LED -120V -3000K -4200lm - White - Aluminum,2700.00,2170.00
D,D4-2000WHI-GRY,ARBOR,Surface/Ceiling -12x4.5W LED -120V -3000K -4200lm - White - Dove Gray,2468.00,1984.00
D,D4-2000GSR,ARBOR,Surface/Ceiling -12x4.5W LED -120V -3000K -4200lm - Gold Silver,2700.00,2170.00
D,D4-2000CSR,ARBOR,Surface/Ceiling -12x4.5W LED -120V -3000K -4200lm - Copper Silver,2700.00,2170.00
D,D4-2001WHI,ARBOR,Surface/Ceiling -20x4.5W LED -120V -3000K -7000lm - White,3410.00,2740.00
D,D4-2001WHI-ALM,ARBOR,Surface/Ceiling -20x4.5W LED -120V -3000K -7000lm - White - Aluminum,3804.00,3060.00
D,D4-2001WHI-GRY,ARBOR,Surface/Ceiling -20x4.5W LED -120V -3000K -7000lm - White - Dove Gray,3410.00,2740.00
D,D4-2001GSR,ARBOR,Surface/Ceiling -20x4.5W LED -120V -3000K -7000lm - Gold Silver,3804.00,3060.00
D,D4-2001CSR,ARBOR,Surface/Ceiling -20x4.5W LED -120V -3000K -7000lm - Copper Silver,3628.00,3060.00
D,D4-2002WHI,ARBOR,Surface/Ceiling -30x4.5W LED -120V -3000K -10500lm - White,5210.00,4424.00
D,D4-2002WHI-ALM,ARBOR,Surface/Ceiling -30x4.5W LED -120V -3000K -10500lm - White - Aluminum,6098.00,4900.00
D,D4-2002WHI-GRY,ARBOR,Surface/Ceiling -30x4.5W LED -120V -3000K -10500lm - White - Dove Gray,5502.00,4424.00
D,D4-2002GSR,ARBOR,Surface/Ceiling -30x4.5W LED -120V -3000K -10500lm - Gold Silver,6098.00,4900.00
D,D4-2002CSR,ARBOR,Surface/Ceiling -30x4.5W LED -120V -3000K -10500lm - Copper Silver,6098.00,4900.00
D,D4-2003WHI,ARBOR,Surface/Ceiling -9x4.5W LED -120V -3000K -3150lm - White,1814.00,1460.00
D,D4-2003WHI-ALM,ARBOR,Surface/Ceiling -9x4.5W LED -120V -3000K -3150lm - White - Aluminum,2222.00,1790.00
D,D4-2003WHI-GRY,ARBOR,Surface/Ceiling -9x4.5W LED -120V -3000K -3150lm - White - Dove Gray,1814.00,1460.00
D,D4-2003GSR,ARBOR,Surface/Ceiling -9x4.5W LED -120V -3000K -3150lm - Gold Silver,2222.00,1790.00
D,D4-2003CSR,ARBOR,Surface/Ceiling -9x4.5W LED -120V -3000K -3150lm - Copper Silver,2222.00,1790.00
D,D4-2004WHI,ARBOR,Surface/Ceiling -12x4.5W LED -120V -3000K -4200lm - White,2408.00,1936.00
D,D4-2004WHI-ALM,ARBOR,Surface/Ceiling -12x4.5W LED -120V -3000K -4200lm - White - Aluminum,2640.00,2124.00
D,D4-2004WHI-GRY,ARBOR,Surface/Ceiling -12x4.5W LED -120V -3000K -4200lm - White - Dove Gray,2408.00,1936.00
D,D4-2004GSR,ARBOR,Surface/Ceiling -12x4.5W LED -120V -3000K -4200lm - Gold Silver,2640.00,2124.00
D,D4-2004CSR,ARBOR,Surface/Ceiling -12x4.5W LED -120V -3000K -4200lm - Copper Silver,2640.00,2124.00
D,D4-2005WHI,ARBOR,Surface/Ceiling -16x4.5W LED -120V -3000K -5600lm - White,2720.00,2190.00
D,D4-2005WHI-ALM,ARBOR,Surface/Ceiling -16x4.5W LED -120V -3000K -5600lm - White - Aluminum,3034.00,2440.00
D,D4-2005WHI-GRY,ARBOR,Surface/Ceiling -16x4.5W LED -120V -3000K -5600lm - White - Dove Gray,2720.00,2190.00
D,D4-2005GSR,ARBOR,Surface/Ceiling -16x4.5W LED -120V -3000K -5600lm - Gold Silver,3034.00,2440.00
D,D4-2005CSR,ARBOR,Surface/Ceiling -16x4.5W LED -120V -3000K -5600lm - Copper Silver,3034.00,2440.00
D,D4-2006WHI,ARBOR,Surface/Ceiling -20x4.5W LED -120V -3000K -7000lm - White,3360.00,2704.00
D,D4-2006WHI-ALU,ARBOR,Surface/Ceiling -20x4.5W LED -120V -3000K -7000lm - White - Aluminum,3756.00,3024.00
D,D4-2006WHI-GRY,ARBOR,Surface/Ceiling -20x4.5W LED -120V -3000K -7000lm - White - Dove Gray,3360.00,2704.00
D,D4-2006GSR,ARBOR,Surface/Ceiling -20x4.5W LED -120V -3000K -7000lm - Gold Silver,3756.00,3024.00
D,D4-2006CSR,ARBOR,Surface/Ceiling -20x4.5W LED -120V -3000K -7000lm - Copper Silver,3756.00,3024.00
D,D4-3000WHI,ARBOR,Surface/Wall -5W LED -120V -3000K -350lm - White,290.00,232.00
D,D4-3000WHI-ALM,ARBOR,Surface/Wall -5W LED -120V -3000K -350lm - White - Aluminum,320.00,258.00
D,D4-3000WHI-GRY,ARBOR,Surface/Wall -5W LED -120V -3000K -350lm - White - Dove Gray,290.00,232.00
D,D4-3000GSR,ARBOR,Surface/Wall -5W LED -120V -3000K -350lm - Gold Silver,320.00,258.00
D,D4-3000CSR,ARBOR,Surface/Wall -5W LED -120V -3000K -350lm - Copper Silver,320.00,258.00
D,D4-3001WHI,ARBOR,Surface/Wall -2x5W LED -120V -3000K -350lm - White,442.00,356.00
D,D4-3001WHI-ALM,ARBOR,Surface/Wall -2x5W LED -120V -3000K -350lm - White - Aluminum,490.00,394.00
D,D4-3001WHI-GRY,ARBOR,Surface/Wall -2x5W LED -120V -3000K -350lm - White - Dove Gray,442.00,356.00
D,D4-3001GSR,ARBOR,Surface/Wall -2x5W LED -120V -3000K -350lm - Gold Silver,490.00,394.00
D,D4-3001CSR,ARBOR,Surface/Wall -2x5W LED -120V -3000K -350lm - Copper Silver,490.00,394.00
D,D4-3002WHI,ARBOR,Surface/Wall -4x5W LED -120V -3000K -350lm - White,874.00,702.00
D,D4-3002WHI-ALM,ARBOR,Surface/Wall -4x5W LED -120V -3000K -350lm - White - Aluminum,968.00,778.00
D,D4-3002WHI-GRY,ARBOR,Surface/Wall -4x5W LED -120V -3000K -350lm - White - Dove Gray,874.00,702.00
D,D4-3002GSR,ARBOR,Surface/Wall -4x5W LED -120V -3000K -350lm - Gold Silver,968.00,778.00
D,D4-3002CSR,ARBOR,Surface/Wall -4x5W LED -120V -3000K -350lm - Copper Silver,968.00,778.00
D,D4-3003WHI,ARBOR,Surface/Wall -6x5W LED -120V -3000K -350lm - White,1330.00,1068.00
D,D4-3003WHI-ALM,ARBOR,Surface/Wall -6x5W LED -120V -3000K -350lm - White - Aluminum,1470.00,1182.00
D,D4-3003WHI-GRY,ARBOR,Surface/Wall -6x5W LED -120V -3000K -350lm - White - Dove Gray,1330.00,1068.00
D,D4-3003GSR,ARBOR,Surface/Wall -6x5W LED -120V -3000K -350lm - Gold Silver,1470.00,1182.00
D,D4-3003CSR,ARBOR,Surface/Wall -6x5W LED -120V -3000K -350lm - Copper Silver,1470.00,1182.00
D,D4-3004WHI,CUBO',Surface - 4.5W LED -120V -3000K -350lm - White,610.00,490.00
D,D4-3004GRY-WHI,CUBO',Surface - 4.5W LED -120V -3000K -350lm - Gray-White,726.00,584.00
D,D4-3004TIM-WHI,CUBO',Surface - 4.5W LED -120V -3000K -350lm - Titanium - White,726.00,584.00
D,D4-3004CHO-WHI,CUBO',Surface - 4.5W LED -120V -3000K -350lm - Chocolate-White,726.00,584.00
D,D4-3004TIM-SLF,CUBO',Surface - 4.5W LED -120V -3000K -350lm - Titanium - Silver Leaf,726.00,584.00
D,D4-3004CHO-GLF,CUBO',Surface - 4.5W LED -120V -3000K -350lm - Chocolate-Gold Leaf,726.00,584.00
D,D4-3005WHI,CUBO',Surface - 10W LED -120V -3000K -700lm - White,668.00,536.00
D,D4-3005GRY-WHI,CUBO',Surface - 10W LED -120V -3000K -700lm - Gray-White,784.00,630.00
D,D4-3005TIM-WHI,CUBO',Surface - 10W LED -120V -3000K -700lm - Titanium - White,784.00,630.00
D,D4-3005CHO-WHI,CUBO',Surface - 10W LED -120V -3000K -700lm - Chocolate-White,784.00,630.00
D,D4-3005TIM-SLF,CUBO',Surface - 10W LED -120V -3000K -700lm - Titanium - Silver Leaf,784.00,630.00
D,D4-3005CHO-GLF,CUBO',Surface - 10W LED -120V -3000K -700lm - Chocolate-Gold Leaf,784.00,630.00
D,D4-3006WHI,CUBO',Surface - 20W LED -120V -3000K -1400lm - White,890.00,716.00
D,D4-3006GRY-WHI,CUBO',Surface - 20W LED -120V -3000K -1400lm - Gray-White,998.00,804.00
D,D4-3006TIM-WHI,CUBO',Surface - 20W LED -120V -3000K -1400lm - Titanium - White,998.00,804.00
D,D4-3006CHO-WHI,CUBO',Surface - 20W LED -120V -3000K -1400lm - Chocolate-White,998.00,804.00
D,D4-3006TIM-SLF,CUBO',Surface - 20W LED -120V -3000K -1400lm - Titanium - Silver Leaf,998.00,804.00
D,D4-3006CHO-GLF,CUBO',Surface - 20W LED -120V -3000K -1400lm - Chocolate-Gold Leaf,998.00,804.00
D,D4-3007WHI,CUBO',Surface - 15W LED -120V -3000K -1050lm - White,794.00,640.00
D,D4-3007GRY-WHI,CUBO',Surface - 15W LED -120V -3000K -1050lm - Gray-White,910.00,734.00
D,D4-3007TIM-WHI,CUBO',Surface - 15W LED -120V -3000K -1050lm - Titanium - White,910.00,734.00
D,D4-3007CHO-WHI,CUBO',Surface - 15W LED -120V -3000K -1050lm - Chocolate-White,910.00,734.00
D,D4-3007TIM-SLF,CUBO',Surface - 15W LED -120V -3000K -1050lm - Titanium - Silver Leaf,910.00,734.00
D,D4-3007CHO-GLF,CUBO',Surface - 15W LED -120V -3000K -1050lm - Chocolate-Gold Leaf,910.00,734.00
D,D4-1003WH,DARMA,Suspension - 10W LED -120V -3000K -700lm - White,856.00,690.00
D,D4-1003TIM-WHI,DARMA,Suspension - 10W LED -120V -3000K -700lm - Titanium - White,950.00,764.00
D,D4-1003CHO-WHI,DARMA,Suspension - 10W LED -120V -3000K -700lm - Chocolate-White,950.00,764.00
D,D4-1003BAL-WHI,DARMA,Suspension - 10W LED -120V -3000K -700lm - Brushed Aluminun - White,1012.00,816.00
D,D4-2007WHI,DARMA,Surface - Ceiling - 8.5W LED -120V -3000K -700lm - White,490.00,394.00
D,D4-2007TIM-WHI,DARMA,Surface - Ceiling - 8.5W LED -120V -3000K -700lm - Titanium - White,574.00,462.00
D,D4-2007CHO-WHI,DARMA,Surface - Ceiling - 8.5W LED -120V -3000K -700lm - Chocolate-White,574.00,462.00
D,D4-2007GLF-WHI,DARMA,Surface - Ceiling - 8.5W LED -120V -3000K -700lm - Gold Leaf-White,606.00,490.00
D,D4-2007SLF-WHI,DARMA,Surface - Ceiling - 8.5W LED -120V -3000K -700lm - Silver Leaf-White,606.00,490.00
D,D4-2007ALM,DARMA,Surface - Ceiling - 8.5W LED -120V -3000K -700lm - Brushed Aluminun - White,606.00,490.00
D,D4-2008WHI,DARMA,Surface - Ceiling - 17W LED -120V -3000K -1350lm - White,670.00,540.00
D,D4-2008TIM-WHI,DARMA,Surface - Ceiling - 17W LED -120V -3000K -1350lm - Titanium - White,762.00,614.00
D,D4-2008CHO-WHI,DARMA,Surface - Ceiling - 17W LED -120V -3000K -1350lm - Chocolate-White,762.00,614.00
D,D4-2008GLF-WHI,DARMA,Surface - Ceiling - 17W LED -120V -3000K -1350lm - Gold Leaf-White,792.00,638.00
D,D4-2008SLF-WHI,DARMA,Surface - Ceiling - 17W LED -120V -3000K -1350lm - Silver Leaf-White,792.00,638.00
D,D4-2008ALM,DARMA,Surface - Ceiling - 17W LED -120V -3000K -1350lm - Brushed Aluminun - White,792.00,638.00
D,D4-3008WHI,DARMA,Surface - Wall - 17W LED -120V -3000K -1400lm - White,970.00,780.00
D,D4-3008TIM-WHI,DARMA,Surface - Wall - 17W LED -120V -3000K -1400lm - Titanium - White,1140.00,918.00
D,D4-3008CHO-WHI,DARMA,Surface - Wall - 17W LED -120V -3000K -1400lm - Chocolate-White,1140.00,918.00
D,D4-3008GLF-WHI,DARMA,Surface - Wall - 17W LED -120V -3000K -1400lm - Gold Leaf-White,1206.00,970.00
D,D4-3008SLF-WHI,DARMA,Surface - Wall - 17W LED -120V -3000K -1400lm - Silver Leaf-White,1206.00,970.00
D,D4-3008ALM,DARMA,Surface - Wall - 17W LED -120V -3000K -1400lm - Brushed Aluminun - White,1290.00,1052.00
D,D4-3009WHI,DARMA,Surface - Wall - 34W LED -120V -3000K -2700lm - White,1334.00,1074.00
D,D4-3009TIM-WHI,DARMA,Surface - Wall - 34W LED -120V -3000K -2700lm - Titanium - White,1480.00,1190.00
D,D4-3009CHO-WHI,DARMA,Surface - Wall - 34W LED -120V -3000K -2700lm - Chocolate-White,1452.00,1170.00
D,D4-3009GLF-WHI,DARMA,Surface - Wall - 34W LED -120V -3000K -2700lm - Gold Leaf-White,1580.00,1272.00
D,D4-3009SLF-WHI,DARMA,Surface - Wall - 34W LED -120V -3000K -2700lm - Silver Leaf-White,1580.00,1272.00
D,D4-3009ALM,DARMA,Surface - Wall - 34W LED -120V -3000K -2700lm - Brushed Aluminun - White,1580.00,1272.00
D,D4-6000WHI,DARMA,Recessed -7x7 -8.5W LED -120V -3000K -700lm - White,508.00,408.00
D,D4-6001WHI,DARMA,Recessed -10x10 -17W LED -120V -3000K -1350lm - White,692.00,556.00
D,D4-9000,DARMA,Recessed -7x7 Housing,60.00,50.00
D,D4-9001,DARMA,Recessed -10x10 Housing,68.00,54.00
D,D4-1004WH,DIADEMA,Suspension -3x30W LED -120v -3000K -7650lm - White,3624.00,2902.00
D,D4-1004WHI-ALM,DIADEMA,Suspension -3x30W LED -120v -3000K -7650lm - White - Aluminum,4582.00,3674.00
D,D4-1004GLF,DIADEMA,Suspension -3x30W LED -120v -3000K -7650lm - Gold Leaf,4582.00,3674.00
D,D4-1005WH,DIADEMA,Suspension -3x30W LED -120v -3000K -7650lm - Decentrated Base - White,3790.00,3036.00
D,D4-1005WHI-ALM,DIADEMA,Suspension -3x30W LED -120v -3000K -7650lm - Decentrated Base - White - Aluminum,4746.00,3804.00
D,D4-1005GLF,DIADEMA,Suspension -3x30W LED -120v -3000K -7650lm - Decentrated Base - Gold Leaf,4746.00,3804.00
D,D4-1006WH,DIADEMA,Suspension -3x20W LED -120v -3000K -5100lm - White,2910.00,2330.00
D,D4-1006WHI-ALM,DIADEMA,Suspension -3x20W LED -120v -3000K -5100lm - White - Aluminum,3734.00,2998.00
D,D4-1006GLF,DIADEMA,Suspension -3x20W LED -120v -3000K -5100lm - Gold Leaf,3734.00,2998.00
D,D4-1007WH,DIADEMA,Suspension -3x20W LED -120v -3000K -5100lm - Decentrated Base - White,3074.00,2464.00
D,D4-1007WHI-ALM,DIADEMA,Suspension -3x20W LED -120v -3000K -5100lm - Decentrated Base - White - Aluminum,3898.00,3128.00
D,D4-1007GLF,DIADEMA,Suspension -3x20W LED -120v -3000K -5100lm - Decentrated Base - Gold Leaf,3898.00,3128.00
D,D4-1008WH,DIADEMA,Suspension -3x15W LED -120v -3000K -3825lm - White,2268.00,1820.00
D,D4-1008WHI-ALM,DIADEMA,Suspension -3x15W LED -120v -3000K -3825lm - White - Aluminum,2826.00,2270.00
D,D4-1008GLF,DIADEMA,Suspension -3x15W LED -120v -3000K -3825lm - Gold Leaf,2826.00,2270.00
D,D4-1009WH,DIADEMA,Suspension -3x15W LED -120v -3000K -3825lm - Decentrated Base - White,2430.00,1952.00
D,D4-1009WHI-ALM,DIADEMA,Suspension -3x15W LED -120v -3000K -3825lm - Decentrated Base - White - Aluminum,2994.00,2406.00
D,D4-1009GLF,DIADEMA,Suspension -3x15W LED -120v -3000K -3825lm - Decentrated Base - Gold Leaf,2994.00,2406.00
D,D4-1010WH,DIADEMA,Suspension -195W LED -120v -3000K -16575lm - White,8602.00,6914.00
D,D4-1010WHI-ALM,DIADEMA,Suspension -195W LED -120v -3000K -16575lm - White - Aluminum,10940.00,8798.00
D,D4-1010GLF,DIADEMA,Suspension -195W LED -120v -3000K -16575lm - Gold Leaf,10940.00,8798.00
D,D4-1011WH,DIADEMA,Suspension -195W LED -120v -3000K -16575lm - Decentrated Base - White,8736.00,7020.00
D,D4-1011WHI-ALM,DIADEMA,Suspension -195W LED -120v -3000K -16575lm - Decentrated Base - White - Aluminum,11110.00,8934.00
D,D4-1011GLF,DIADEMA,Suspension -195W LED -120v -3000K -16575lm - Decentrated Base - Gold Leaf,11110.00,8934.00
D,D4-1012WH,DIADEMA,Suspension -135W LED -120v -3000K -11475lm - White,5966.00,4790.00
D,D4-1012WHI-ALM,DIADEMA,Suspension -135W LED -120v -3000K -11475lm - White - Aluminum,7482.00,6010.00
D,D4-1012GLF,DIADEMA,Suspension -135W LED -120v -3000K -11475lm - Gold Leaf,7482.00,6010.00
D,D4-1013WH,DIADEMA,Suspension -135W LED -120v -3000K -11475lm - Decentrated Base - White,6130.00,4920.00
D,D4-1013WHI-ALM,DIADEMA,Suspension -135W LED -120v -3000K -11475lm - Decentrated Base - White - Aluminum,7646.00,6142.00
D,D4-1013GLF,DIADEMA,Suspension -135W LED -120v -3000K -11475lm - Decentrated Base - Gold Leaf,7646.00,6142.00
D,D4-1014WH,DIADEMA,Suspension -105W LED -120v -3000K -8925lm - White,5184.00,4166.00
D,D4-1014WHI-ALM,DIADEMA,Suspension -105W LED -120v -3000K -8925lm - White - Aluminum,6568.00,5280.00
D,D4-1014GLF,DIADEMA,Suspension -105W LED -120v -3000K -8925lm - Gold Leaf,6568.00,5280.00
D,D4-1015WH,DIADEMA,Suspension -105W LED -120v -3000K -8925lm - Decentrated Base - White,5346.00,4296.00
D,D4-1015WHI-ALM,DIADEMA,Suspension -105W LED -120v -3000K -8925lm - Decentrated Base - White - Aluminum,6732.00,5412.00
D,D4-1015GLF,DIADEMA,Suspension -105W LED -120v -3000K -8925lm - Decentrated Base - Gold Leaf,6732.00,5412.00
D,D4-1016WHI,ECLISSE,Suspension -3x10W DIR + 3x17.5W INDIR LED -55CM -3000K -2100+4050lm - White,3116.00,2494.00
D,D4-1016TIM-WHI,ECLISSE,Suspension -3x10W DIR + 3x17.5W INDIR LED -55CM -3000K -2100+4050lm - Titanium-White,3344.00,2680.00
D,D4-1016CHO-WHI,ECLISSE,Suspension -3x10W DIR + 3x17.5W INDIR LED -55CM -3000K -2100+4050lm - Chocolate-White,3344.00,2680.00
D,D4-1016TIM-SLF,ECLISSE,Suspension -3x10W DIR + 3x17.5W INDIR LED -55CM -3000K -2100+4050lm - Titanium-Silver Leaf,3344.00,2680.00
D,D4-1016CHO-GLF,ECLISSE,Suspension -3x10W DIR + 3x17.5W INDIR LED -55CM -3000K -2100+4050lm - Chocolate-Gold Leaf,3344.00,2680.00
D,D4-1017WHI,EMISFERO,Suspension -1x60W -G9 -120V - White,592.00,478.00
D,D4-1018WHI,EMISFERO,Suspension -1x100W -E26 -120V - White,820.00,658.00
D,D4-1019WHI,EMISFERO,Suspension -1x150W -E26 -120V - White,1010.00,810.00
D,D4-1020WHI,EMISFERO,Suspension -1x200W -E26 -120V - White,1754.00,1398.00
D,D4-2009WHI,EMISFERO,Surface -1x60W -G9 -120V - White,496.00,398.00
D,D4-2010WHI,EMISFERO,Surface -1x100W -E26 -120V - White,720.00,576.00
D,D4-2011WHI,EMISFERO,Surface -1x150W -E26 -120V - White,908.00,726.00
D,D4-2012WHI,EMISFERO,Surface -1x200W -E26 -120V - White,1656.00,1320.00
D,D4-4000WHI,EMISFERO,Table/Floor Lamp -1x60W -G9 -120V - White,658.00,530.00
D,D4-4001WHI,EMISFERO,Table/Floor Lamp -1x100W -E26 -120V - White,884.00,710.00
D,D4-4002WHI,EMISFERO,Table/Floor Lamp -1x150W -E26 -120V - White,1076.00,862.00
D,D4-4003WHI,EMISFERO,Table/Floor Lamp -1x200W -E26 -120V - White,1858.00,1482.00
D,D4-1021WHI,SALSOLA,Suspension -48cm -1x150W -E26 -120V - White,2640.00,2112.00
D,D4-1021OBN,SALSOLA,Suspension -48cm -1x150W -E26 -120V - Old Brown,2640.00,2112.00
D,D4-1022WHI,SALSOLA,Suspension -65cm -1x150W -E26 -120V - White,3870.00,3090.00
D,D4-1022OBN,SALSOLA,Suspension -65cm -1x150W -E26 -120V - Old Brown,3870.00,3090.00
D,D4-1023WHI,SALSOLA,Suspension -85cm -1x150W -E26 -120V - White,6182.00,4912.00
D,D4-1023OBN,SALSOLA,Suspension -85cm -1x150W -E26 -120V - Old Brown,6182.00,4912.00
D,D4-2013WHI,SALSOLA,Surface -48cm -1x150W -E26 -120V - White,2640.00,2112.00
D,D4-2013OBN,SALSOLA,Surface -48cm -1x150W -E26 -120V - Old Brown,2640.00,2112.00
D,D4-2014WHI,SALSOLA,Surface -65cm -1x150W -E26 -120V - White,3870.00,3090.00
D,D4-2014OBN,SALSOLA,Surface -65cm -1x150W -E26 -120V - Old Brown,3870.00,3090.00
D,D4-2015WHI,SALSOLA,Surface -85cm -1x150W -E26 -120V - White,6182.00,4912.00
D,D4-2015OBN,SALSOLA,Surface -85cm -1x150W -E26 -120V - Old Brown,6182.00,4912.00
D,D4-1024WHI,KONE,Suspension - 10W LED -120V - White,708.00,570.00
D,D4-1024TIM-WHI,KONE,Suspension - 10W LED -120V - Titanium - White,854.00,690.00
D,D4-1024CHO-WHI,KONE,Suspension - 10W LED -120V - Chocolate - White,854.00,690.00
D,D4-1024ALM-WHI,KONE,Suspension - 10W LED -120V - Aluminum - White,854.00,690.00
D,D4-1024TIM-SIL,KONE,Suspension - 10W LED -120V - Titanium - Silver Leaf,916.00,738.00
D,D4-1024CHO-GLF,KONE,Suspension - 10W LED -120V - Chocolate - Gold Leaf,916.00,738.00
D,D4-1024BAL-WHI,KONE,Suspension - 10W LED -120V - Brushed Aluminum - White,916.00,738.00
D,D4-1025WHI,KONE,Suspension - 4.5W LED -120V - White,600.00,482.00
D,D4-1025TIM-WHI,KONE,Suspension - 4.5W LED -120V - Titanium - White,662.00,534.00
D,D4-1025CHO-WHI,KONE,Suspension - 4.5W LED -120V - Chocolate - White,662.00,534.00
D,D4-1025ALM-WHI,KONE,Suspension - 4.5W LED -120V - Aluminum - White,662.00,534.00
D,D4-1025TIM-SLF,KONE,Suspension - 4.5W LED -120V - Titanium - Silver Leaf,724.00,584.00
D,D4-1025CHO-GLF,KONE,Suspension - 4.5W LED -120V - Chocolate - Gold Leaf,724.00,584.00
D,D4-1025BAL-WHI,KONE,Suspension - 4.5W LED -120V - Brushed Aluminum - White,724.00,584.00
D,D4-2016WHI,KONE,Surface Ceiling - 4.5W LED -120V - White,274.00,220.00
D,D4-2016TIM-WHI,KONE,Surface Ceiling - 4.5W LED -120V - Titanium - White,302.00,244.00
D,D4-2016CHO-WHI,KONE,Surface Ceiling - 4.5W LED -120V - Chocolate - White,302.00,244.00
D,D4-2016ALM-WHI,KONE,Surface Ceiling - 4.5W LED -120V - Aluminum - White,302.00,244.00
D,D4-2016TIM-SLF,KONE,Surface Ceiling - 4.5W LED -120V - Titanium - Silver Leaf,340.00,274.00
D,D4-2016CHO-GLF,KONE,Surface Ceiling - 4.5W LED -120V - Chocolate - Gold Leaf,340.00,274.00
D,D4-2016BAL-WHI,KONE,Surface Ceiling - 4.5W LED -120V - Brushed Aluminum - White,854.00,274.00
D,D4-2017WHI,KONE,Surface Ceiling - 10W LED -120V - White,372.00,300.00
D,D4-2017TIM-WHI,KONE,Surface Ceiling - 10W LED -120V - Titanium - White,396.00,320.00
D,D4-2017CHO-WHI,KONE,Surface Ceiling - 10W LED -120V - Chocolate - White,396.00,320.00
D,D4-2017ALU-WHI,KONE,Surface Ceiling - 10W LED -120V - Aluminum - White,396.00,320.00
D,D4-2017TIM-SLF,KONE,Surface Ceiling - 10W LED -120V - Titanium - Silver Leaf,416.00,334.00
D,D4-2017CHO-GLF,KONE,Surface Ceiling - 10W LED -120V - Chocolate - Gold Leaf,416.00,334.00
D,D4-2017BAL-WHI,KONE,Surface Ceiling - 10W LED -120V - Brushed Aluminum - White,416.00,334.00
D,D4-2018WHI,KONE,Surface Ceiling - 17W LED -120V - White,574.00,462.00
D,D4-2018TIM-WHI,KONE,Surface Ceiling - 17W LED -120V - Titanium - White,628.00,506.00
D,D4-2018CHO-WHI,KONE,Surface Ceiling - 17W LED -120V - Chocolate - White,628.00,506.00
D,D4-2018ALM-WHI,KONE,Surface Ceiling - 17W LED -120V - Aluminum - White,628.00,506.00
D,D4-2018TIM-SLF,KONE,Surface Ceiling - 17W LED -120V - Titanium - Silver Leaf,642.00,518.00
D,D4-2018CHO-GLF,KONE,Surface Ceiling - 17W LED -120V - Chocolate - Gold Leaf,642.00,518.00
D,D4-2018BAL-WHI,KONE,Surface Ceiling - 17W LED -120V - Brushed Aluminum - White,642.00,518.00
D,D4-3037WHI,KONE,Surface Wall - 17W LED -120V - 3000K - White,762.00,614.00
D,D4-3037CHO-WHI,KONE,Surface Wall  - 17W LED -120V - 3000K -Chocolate - White,828.00,668.00
D,D4-3037TIM-WHI,KONE,Surface Wall  - 17W LED -120V - 3000K -Titanium - White,828.00,668.00
D,D4-3037BAL-WHI,KONE,Surface Wall  - 17W LED -120V - 3000K - Brushed Aluminum - White,828.00,668.00
D,D4-3010WHI,KONE,Surface Wall  - 35W LED -120V - 3000K - White,1044.00,842.00
D,D4-3010TIM-WHI,KONE,Surface Wall  - 35W LED -120V - 3000K -Titanium - White,1154.00,930.00
D,D4-3010TNM-WHI,KONE,Surface Wall  - 35W LED -120V - 3000K -Chocolate - White,1154.00,930.00
D,D4-3010BAL-WHI,KONE,Surface Wall  - 35W LED -120V - 3000K - Brushed Aluminum - White,1154.00,930.00
D,D4-6037WHI,KONE,Recessed Spot Light - 4 -5W LED -120V - with Plasterboard Housing - White,284.00,228.00
D,D4-6037GLF,KONE,Recessed Spot Light - 4 -5W LED -120V - with Plasterboard Housing - Gold Leaf,300.00,240.00
D,D4-6037SLF,KONE,Recessed Spot Light - 4 -5W LED -120V - with Plasterboard Housing - Silver Leaf,300.00,240.00
D,D4-6038WHI,KONE,Recessed Spot Light - 4 -5W LED -120V - with Masonry Housing - White,306.00,246.00
D,D4-6038GLF,KONE,Recessed Spot Light - 4 -5W LED -120V - with Masonry Housing - Gold Leaf,322.00,258.00
D,D4-6038SLF,KONE,Recessed Spot Light - 4 -5W LED -120V - with Masonry Housing - Silver Leaf,322.00,258.00
D,D4-6039WHI,KONE,Recessed Spot Light - 10W LED -120V - with Plasterboard Housing - White,432.00,348.00
D,D4-6039GLF,KONE,Recessed Spot Light - 10W LED -120V - with Plasterboard Housing - Gold Leaf,460.00,370.00
D,D4-6039SLF,KONE,Recessed Spot Light - 10W LED -120V - with Plasterboard Housing - Silver Leaf,460.00,370.00
D,D4-6040WHI,KONE,Recessed Spot Light - 10W LED -120V - with Masonry Housing - White,472.00,380.00
D,D4-6040GLF,KONE,Recessed Spot Light - 10W LED -120V - with Masonry Housing - Gold Leaf,500.00,404.00
D,D4-6040SLF,KONE,Recessed Spot Light - 10W LED -120V - with Masonry Housing - Silver Leaf,500.00,404.00
D,D4-6041WHI,KONE,Recessed Spot Light - 17W LED -120V - with Plasterboard Housing - White,674.00,544.00
D,D4-6041GLF,KONE,Recessed Spot Light - 17W LED -120V - with Plasterboard Housing - Gold Leaf,710.00,572.00
D,D4-6041SLF,KONE,Recessed Spot Light - 17W LED -120V - with Plasterboard Housing - Silver Leaf,710.00,572.00
D,D4-6042WHI,KONE,Recessed Spot Light - 17W LED -120V - with Masonry Housing - White,726.00,586.00
D,D4-6042GLF,KONE,Recessed Spot Light - 17W LED -120V - with Masonry Housing - Gold Leaf,760.00,614.00
D,D4-6042SLF,KONE,Recessed Spot Light - 17W LED -120V - with Masonry Housing - Silver Leaf,760.00,614.00
D,D4-1026WHI,LEONARDO,Suspension - 32.5W LED - 12V -3000K -Direct -White,3070.00,2548.00
D,D4-1026TIM,LEONARDO,Suspension - 32.5W LED - 12V -3000K -Direct -Titanium,3070.00,2548.00
D,D4-1026CHO,LEONARDO,Suspension - 32.5W LED - 12V -3000K -Direct -Chocolate,3070.00,2548.00
D,D4-1028WHI,LEONARDO,Suspension - 2 SQUARES - 32.5W LED - 12V -3000K -Direct/Indirect -White,3138.00,2600.00
D,D4-1028TIM,LEONARDO,Suspension - 2 SQUARES - 32.5W LED - 12V -3000K -Direct/Indirect -Titanium,3138.00,2600.00
D,D4-1028CHO,LEONARDO,Suspension - 2 SQUARES - 32.5W LED - 12V -3000K -Direct/Indirect -Chocolate,3138.00,2600.00
D,D4-1029WHI,LEONARDO,Suspension - 3 SQUARES - 74 -5W LED - 12V - Direct+Indirect -White,6756.00,5600.00
D,D4-1029TIM,LEONARDO,Suspension - 3 SQUARES - 74 -5W LED - 12V - Direct+Indirect -Titanium,6756.00,5600.00
D,D4-1029CHO,LEONARDO,Suspension - 3 SQUARES - 74 -5W LED - 12V - Direct+Indirect -Chocolate,6756.00,5600.00
D,D4-3011WHI,LEONARDO,Surface Wall  - 11W LED - 12V -3000K -White,1220.00,1010.00
D,D4-3011TIM,LEONARDO,Surface Wall  - 11W LED - 12V -3000K -Titanium,1220.00,1010.00
D,D4-3011CHO,LEONARDO,Surface Wall  - 11W LED - 12V -3000K -Chocolate,1220.00,1010.00
D,D4-3014WHI,LEONARDO,Surface Wall  - 16W LED - 12V -3000K -White,1384.00,1146.00
D,D4-3014TIM,LEONARDO,Surface Wall  - 16W LED - 12V -3000K -Titanium,1384.00,1146.00
D,D4-3014CHO,LEONARDO,Surface Wall  - 16W LED - 12V -3000K -Chocolate,1384.00,1146.00
D,D4-2044WHI,LEONARDO,Surface Ceiling - 16W LED - 12V -3000K -White,1940.00,1610.00
D,D4-2044TIM,LEONARDO,Surface Ceiling - 16W LED - 12V -3000K -Titanium,1940.00,1610.00
D,D4-2044CHO,LEONARDO,Surface Ceiling - 16W LED - 12V -3000K -Chocolate,1940.00,1610.00
D,D4-2045WHI,LEONARDO,Surface Ceiling - 21.5W LED - 12V -3000K -White,2326.00,1928.00
D,D4-2045TIM,LEONARDO,Surface Ceiling - 21.5W LED - 12V -3000K -Titanium,2326.00,1928.00
D,D4-2045CHO,LEONARDO,Surface Ceiling - 21.5W LED - 12V -3000K -Chocolate,2326.00,1928.00
D,D4-2019WHI,LEONARDO,Surface Ceiling - 42W LED - 12V -3000K -White,3998.00,3320.00
D,D4-2019TIM,LEONARDO,Surface Ceiling - 42W LED - 12V -3000K -Titanium,3998.00,3320.00
D,D4-2019CHO,LEONARDO,Surface Ceiling - 42W LED - 12V -3000K -Chocolate,3998.00,3320.00
D,D4-3012WHI,LUA,Surface Wall  DECENTRATED - 30W  - 120V - 3000K - WHITE,1110.00,890.00
D,D4-3012DBN-CSR,LUA,Surface Wall  DECENTRATED - 30W  - 120V - 3000K - Dark Brown / Coppersilver,1272.00,1020.00
D,D4-3012WHI-GSR,LUA,Surface Wall  DECENTRATED - 30W  - 120V - 3000K - White/Goldsilver,1272.00,1020.00
D,D4-3012RUS-GSR,LUA,Surface Wall  DECENTRATED - 30W  - 120V - 3000K - Russet/Goldsilver,1322.00,1060.00
D,D4-3012WHI-BAL,LUA,Surface Wall  DECENTRATED - 30W  - 120V - 3000K - WHITE/Brushed  Aluminum,1322.00,1060.00
D,D4-3015WHI,LUA,Surface Wall  DECENTRATED - 20W  - 120V - 3000K - WHITE,898.00,724.00
D,D4-3015DBN-CSR,LUA,Surface Wall  DECENTRATED - 20W  - 120V - 3000K - Dark Brown / Coppersilver,1030.00,830.00
D,D4-3015WHI-GSR,LUA,Surface Wall  DECENTRATED - 20W  - 120V - 3000K - White/Goldsilver,1030.00,830.00
D,D4-3015RUS-GSR,LUA,Surface Wall  DECENTRATED - 20W  - 120V - 3000K - Russet/Goldsilver,1080.00,870.00
D,D4-3015WHI-BAL,LUA,Surface Wall  DECENTRATED - 20W  - 120V - 3000K - WHITE/Brushed  Aluminum,1080.00,870.00
D,D4-4004WHI,LUA,Table Lamp -Large - 30W - 120V - 3000K - White,1848.00,1490.00
D,D4-4004DBN-CSR,LUA,Table Lamp -Large - 30W - 120V - 3000K - Dark Brown / Coppersilver,2128.00,1714.00
D,D4-4004WHI-GSR,LUA,Table Lamp -Large - 30W - 120V - 3000K -  White/Goldsilver ,2128.00,1714.00
D,D4-4004RUS-GSR,LUA,Table Lamp -Large - 30W - 120V - 3000K -Russet/Goldsilver  ,2226.00,1792.00
D,D4-4004,LUA,Table Lamp -Large - 30W - 120V - 3000K - Brushed  Aluminum ,2226.00,1792.00
D,D4-4005WHI,LUA,Table Lamp -Small - 30W - 120V - 3000K -  ,1304.00,1050.00
D,D4-4005DBN-CSR,LUA,Table Lamp -Small - 30W - 120V - 3000K - Dark Brown / Coppersilver ,1500.00,1210.00
D,D4-4005WHI-GSR,LUA,Table Lamp -Small - 30W - 120V - 3000K -  White/Goldsilver ,1500.00,1210.00
D,D4-4005RUS-GSR,LUA,Table Lamp -Small - 30W - 120V - 3000K -Russet/Goldsilver  ,1582.00,1274.00
D,D4-4005BAL,LUA,Table Lamp -Small - 30W - 120V - 3000K - Brushed Aluminum ,1582.00,1274.00
D,D4-4006WHI,LUA,Floor Lamp -30W - 120V - 3000K - White  ,2474.00,1986.00
D,D4-4006DBN-CSR,LUA,Floor Lamp -30W - 120V - 3000K -Dark Brown / Coppersilver  ,2838.00,2278.00
D,D4-4006RUS-GSR,LUA,Floor Lamp -30W - 120V - 3000K -  Russet/Goldsilver,2838.00,2278.00
D,D4-4006WHI-GSR,LUA,Floor Lamp -30W - 120V - 3000K -  White/Goldsilver ,2954.00,2372.00
D,D4-4006BAL,LUA,Floor Lamp -30W - 120V - 3000K -  Brushed  Aluminum,2954.00,2372.00
D,D4-1032WHI,LUA,Suspension - 30W LED - 120V - 3000K - White,1350.00,1086.00
D,D4-1032DBN-CSR,LUA,Surface Ceiling - 30W LED - 120V - 3000K -Dark Brown / Coppersilver,1562.00,1258.00
D,D4-1032WHI-GSR,LUA,Surface Ceiling - 30W LED - 120V - 3000K - White/Goldsilver,1562.00,1258.00
D,D4-1032RUS-GSR,LUA,Surface Ceiling - 30W LED - 120V - 3000K -Russet/Goldsilver,1628.00,1310.00
D,D4-1032BAL,LUA,Surface Ceiling - 30W LED - 120V - 3000K -Brushed  Aluminum,1628.00,1310.00
D,D4-1033WHI,LUA,Suspension - 50W LED - 120V - 3000K - White,2182.00,1756.00
D,D4-1033DBN-CSR,LUA,Suspension - 50W LED - 120V - 3000K -Dark Brown / Coppersilver,2548.00,2050.00
D,D4-1033WHI-GSR,LUA,Suspension - 50W LED - 120V - 3000K - White/Goldsilver,2548.00,2050.00
D,D4-1033RUS-GSR,LUA,Suspension - 50W LED - 120V - 3000K -Russet/Goldsilver,2644.00,2128.00
D,D4-1033BAL,LUA,Suspension - 50W LED - 120V - 3000K - Brushed Aluminum,2644.00,2128.00
D,D4-1034WHI,LUA,Suspension - 90W LED - 120V - 3000K - White,3056.00,2456.00
D,D4-1034DBN-CSR,LUA,Suspension - 90W LED - 120V - 3000K -Dark Brown / Coppersilver  ,3538.00,2842.00
D,D4-1034WHI-GSR,LUA,Suspension - 90W LED - 120V - 3000K -White/Goldsilver,3538.00,2842.00
D,D4-1034RUS-GSR,LUA,Suspension - 90W LED - 120V - 3000K -Russet/Goldsilver ,3684.00,2962.00
D,D4-1034WHI-BAL,LUA,Suspension - 90W LED - 120V - 3000K - White / Brushed Aluminum,3684.00,2962.00
D,D4-1035WHI,LUA,Surface Ceiling - 90W LED - 120V - 3000K - White,3122.00,2508.00
D,D4-1035DBN-CSR,LUA,Surface Ceiling - 90W LED - 120V - 3000K -Dark Brown / Coppersilver ,3604.00,2896.00
D,D4-1035WHI-GSR,LUA,Surface Ceiling - 90W LED - 120V - 3000K -White/Goldsilver ,3604.00,2896.00
D,D4-1035RUS-GSR,LUA,Surface Ceiling - 90W LED - 120V - 3000K -Russet/Goldsilver  ,3750.00,3014.00
D,D4-1035WHI-BAL,LUA,Surface Ceiling - 90W LED - 120V - 3000K - White / Brushed  Aluminum,3750.00,3014.00
D,D4-2021WHI,NUBES,Surface Ceiling -4.5W - 120V - 3000K - White,318.00,256.00
D,D4-2021GRY,NUBES,Surface Ceiling -4.5W - 120V - 3000K - Gray,318.00,256.00
D,D4-2023WHI,NUBES,Surface Ceiling -13.5W - 120V - 3000K - White,652.00,524.00
D,D4-2023GRY,NUBES,Surface Ceiling -13.5W - 120V - 3000K - Gray,652.00,524.00
D,D4-2022WHI,NUBES,Surface Ceiling -27W - 120V - 3000K - White,1378.00,1110.00
D,D4-2022GRY,NUBES,Surface Ceiling -27W - 120V - 3000K - Gray,1378.00,1110.00
D,D4-2024WHI,NUBES,Surface Ceiling -40.5W - 120V - 3000K - White,1980.00,1596.00
D,D4-2024GRY,NUBES,Surface Ceiling40.5W - 120V - 3000K - Gray,1980.00,1596.00
D,D4-3016WHI,ORIZZONTE,Surface Wall  - 4.8W LED -120V -3000K - White,668.00,538.00
D,D4-3016CHR,ORIZZONTE,Surface Wall  - 4.8W LED -120V -3000K - Chrome,742.00,598.00
D,D4-3016GLF,ORIZZONTE,Surface Wall  - 4.8W LED -120V -3000K - Brushed Gold,810.00,650.00
D,D4-3013WHI,ORIZZONTE,Surface Wall  - 7.92W LED -120V -3000K - White,796.00,642.00
D,D4-3013CHR,ORIZZONTE,Surface Wall  - 7.92W LED -120V -3000K - Chrome,866.00,696.00
D,D4-3013BGO,ORIZZONTE,Surface Wall  - 7.92W LED -120V -3000K - Brushed Gold,938.00,756.00
D,D4-3017WHI,ORIZZONTE,Surface Wall  - 10.56W LED -120V -3000K - White,826.00,664.00
D,D4-3017CHR,ORIZZONTE,Surface Wall  - 10.56W LED -120V -3000K - Chrome,918.00,738.00
D,D4-3017BGO,ORIZZONTE,Surface Wall  - 10.56W LED -120V -3000K - Brushed Gold,992.00,798.00
D,D4-3018WHI,ORIZZONTE,Surface Wall  - 13.20W LED -120V -3000K - White,972.00,782.00
D,D4-3018CHR,ORIZZONTE,Surface Wall  - 13.20W LED -120V -3000K - Chrome,1058.00,850.00
D,D4-3018BGO,ORIZZONTE,Surface Wall  - 13.20W LED -120V -3000K - Brushed Gold,1190.00,958.00
D,D4-3019WHI,ORIZZONTE,Surface Wall  - 4.8W LED -120V -3000K -Adjustable - White,728.00,586.00
D,D4-3019CHR,ORIZZONTE,Surface Wall  - 4.8W LED -120V -3000K -Adjustable - Chrome,794.00,638.00
D,D4-3019BGO,ORIZZONTE,Surface Wall  - 4.8W LED -120V -3000K -Adjustable - Brushed Gold,844.00,678.00
D,D4-3020WHI,ORIZZONTE,Surface Wall  - 7.92W LED -120V -3000K -Adjustable - White,856.00,690.00
D,D4-3020CHR,ORIZZONTE,Surface Wall  - 7.92W LED -120V -3000K -Adjustable - Chrome,922.00,742.00
D,D4-3020BGO,ORIZZONTE,Surface Wall  - 7.92W LED -120V -3000K -Adjustable - Brushed Gold,970.00,780.00
D,D4-3021WHI,ORIZZONTE,Surface Wall  - 10.56W LED -120V -3000K -Adjustable - White,950.00,764.00
D,D4-3021CHR,ORIZZONTE,Surface Wall  - 10.56W LED -120V -3000K -Adjustable - Chrome,1032.00,830.00
D,D4-3021BGO,ORIZZONTE,Surface Wall  - 10.56W LED -120V -3000K -Adjustable - Brushed Gold,1044.00,840.00
D,D4-3023WHI,ORIZZONTE,Surface Wall  - 13.20W LED -120V -3000K -Adjustable - White,1126.00,904.00
D,D4-3023CHR,ORIZZONTE,Surface Wall  - 13.20W LED -120V -3000K -Adjustable - Chrome,1192.00,958.00
D,D4-3023BGO,ORIZZONTE,Surface Wall  - 13.20W LED -120V -3000K -Adjustable -Brushed Gold,1258.00,1010.00
D,D4-3022WHI,ORIZZONTE,Surface Wall  - Dual Emission - 15.36W LED -12V 3000K - White,1170.00,942.00
D,D4-3022CHR,ORIZZONTE,Surface Wall  - Dual Emission - 15.36W LED -12V 3000K - Chrome,1282.00,1032.00
D,D4-3025WHI,ORIZZONTE,Surface Wall  - Dual Emission - 21.12W LED -12V 3000K - White,1402.00,1128.00
D,D4-3025CHR,ORIZZONTE,Surface Wall  - Dual Emission - 21.12W LED -12V 3000K - Chrome,1550.00,1248.00
D,D4-1027WHI ,POP,Suspension - 65cm - 50W+17W LED -120V -3000K -White,2908.00,2338.00
D,D4-1027BLA,POP,Suspension - 65cm - 50W+17W LED -120V -3000K -Black,2908.00,2338.00
D,D4-1027WHI-ALM,POP,Suspension - 65cm - 50W+17W LED -120V -3000K - White - Aluminum,3056.00,2456.00
D,D4-1027BLA-ALM,POP,Suspension - 65cm - 50W+17W LED -120V -3000K -Black - Aluminum,3056.00,2456.00
D,D4-1027MOK-ALM,POP,Suspension - 65cm - 50W+17W LED -120V -3000K -Moka - Aluminum,3056.00,2456.00
D,D4-1027GRY-ALM,POP,Suspension - 65cm - 50W+17W LED -120V -3000K -Gray - Aluminum,3056.00,2456.00
D,D4-1027GLF-BGO,POP,Suspension - 65cm - 50W+17W LED -120V -3000K -Gold Leaf - Brushed Gold,3206.00,2578.00
D,D4-1027SLF-ALM,POP,Suspension - 65cm - 50W+17W LED -120V -3000K -Silver Leaf - Aluminum,3206.00,2578.00
D,D4-1027GSR ,POP,Suspension - 65cm - 50W+17W LED -120V -3000K -Goldsilver,3206.00,2578.00
D,D4-1027CSR ,POP,Suspension - 65cm - 50W+17W LED -120V -3000K -Coppersilver,3206.00,2578.00
D,D4-1041WHI ,POP,Suspension - 65cm - 50W LED -120V -3000K -White,2434.00,1956.00
D,D4-1041BLA,POP,Suspension - 65cm - 50W LED -120V -3000K -Black,2434.00,1956.00
D,D4-1041WHI-ALM,POP,Suspension - 65cm - 50W LED -120V -3000K - White - Aluminum,2732.00,2196.00
D,D4-1041BLA-ALM,POP,Suspension - 65cm - 50W LED -120V -3000K -Black - Aluminum,2732.00,2196.00
D,D4-1041MOK-ALM,POP,Suspension - 65cm - 50W LED -120V -3000K -Moka - Aluminum,2580.00,2074.00
D,D4-1041GRY-ALM,POP,Suspension - 65cm - 50W LED -120V -3000K -Gray - Aluminum,2580.00,2074.00
D,D4-1041GLF-BGO,POP,Suspension - 65cm - 50W LED -120V -3000K -Gold Leaf - Brushed Gold,2580.00,2074.00
D,D4-1041SLF-ALM,POP,Suspension - 65cm - 50W LED -120V -3000K -Silver Leaf - Aluminum,2558.00,2056.00
D,D4-1041GSR ,POP,Suspension - 65cm - 50W LED -120V -3000K -Goldsilver,2732.00,2196.00
D,D4-1041CSR ,POP,Suspension - 65cm - 50W LED -120V -3000K -Coppersilver,2732.00,2196.00
D,D4-1036WHI ,POP,Suspension - 90cm - 50W LED -120V -3000K -White,2428.00,1952.00
D,D4-1036BLA,POP,Suspension - 90cm - 50W LED -120V -3000K -Black,2428.00,1952.00
D,D4-1036WHI-ALM,POP,Suspension - 90cm - 50W LED -120V -3000K - White - Aluminum,2576.00,2072.00
D,D4-1036BLA-ALM,POP,Suspension - 90cm - 50W LED -120V -3000K -Black - Aluminum,2576.00,2072.00
D,D4-1036MOK-ALM,POP,Suspension - 90cm - 50W LED -120V -3000K -Moka - Aluminum,2576.00,2072.00
D,D4-1036GRY-ALM,POP,Suspension - 90cm - 50W LED -120V -3000K -Gray - Aluminum,2576.00,2072.00
D,D4-1036GLF-BGO,POP,Suspension - 90cm - 50W LED -120V -3000K -Gold Leaf - Brushed Gold,2728.00,2192.00
D,D4-1036SLF-ALM,POP,Suspension - 90cm - 50W LED -120V -3000K -Silver Leaf - Aluminum,2728.00,2192.00
D,D4-1036GSR ,POP,Suspension - 90cm - 50W LED -120V -3000K -Goldsilver,2728.00,2192.00
D,D4-1036CSR ,POP,Suspension - 90cm - 50W LED -120V -3000K -Coppersilver,2728.00,2192.00
D,D4-1037WHI ,POP,Suspension - 90cm - 50W+17W LED -120V -3000K -White,2890.00,2324.00
D,D4-1037BLA,POP,Suspension - 90cm - 50W+17W LED -120V -3000K -Black,2890.00,2324.00
D,D4-1037WHI-ALM,POP,Suspension - 90cm - 50W+17W LED -120V -3000K - White - Aluminum,3038.00,2444.00
D,D4-1037BLA-ALM,POP,Suspension - 90cm - 50W+17W LED -120V -3000K -Black - Aluminum,3036.00,2444.00
D,D4-1037MOK-ALM,POP,Suspension - 90cm - 50W+17W LED -120V -3000K -Moka - Aluminum,3038.00,2444.00
D,D4-1037GRY-ALM,POP,Suspension - 90cm - 50W+17W LED -120V -3000K -Gray - Aluminum,3038.00,2444.00
D,D4-1037GLF-BGO,POP,Suspension - 90cm - 50W+17W LED -120V -3000K -Gold Leaf - Brushed Gold,3190.00,2564.00
D,D4-1037SLF-ALM,POP,Suspension - 90cm - 50W+17W LED -120V -3000K -Silver Leaf - Aluminum,3190.00,2564.00
D,D4-1037GSR ,POP,Suspension - 90cm - 50W+17W LED -120V -3000K -Goldsilver,3190.00,2564.00
D,D4-1037CSR ,POP,Suspension - 90cm - 50W+17W LED -120V -3000K -Coppersilver,3190.00,2564.00
D,D4-2025WHI,POP,Surface Ceiling - 22.5W LED -120V - 3000K - White,1120.00,902.00
D,D4-2025BLA,POP,Surface Ceiling - 22.5W LED -120V - 3000K - Black,1120.00,902.00
D,D4-2025BLA-ALM,POP,Surface Ceiling - 22.5W LED -120V - 3000K - Black- Aluminum,1238.00,996.00
D,D4-2025GRY-ALM,POP,Surface Ceiling - 22.5W LED -120V - 3000K - Gray -Aluminum,1238.00,996.00
D,D4-2025MOK-ALM ,POP,Surface Ceiling - 22.5W LED -120V - 3000K - Moka -Aluminum,1238.00,996.00
D,D4-2025WHI-ALM,POP,Surface Ceiling - 22.5W LED -120V - 3000K -White -Aluminum,1238.00,996.00
D,D4-2025GLF-BGO,POP,Surface Ceiling - 22.5W LED -120V - 3000K -Gold Leaf - Brushed Gold,1268.00,1022.00
D,D4-2025SLF-ALM,POP,Surface Ceiling - 22.5W LED -120V - 3000K -Silver Leaf - Aluminum,1268.00,1022.00
D,D4-2025GSR ,POP,Surface Ceiling - 22.5W LED -120V - 3000K -Goldsilver,1268.00,1022.00
D,D4-2025CSR ,POP,Surface Ceiling - 22.5W LED -120V - 3000K -Coppersilver,1268.00,1022.00
D,D4-2026WHI,POP,Surface Ceiling - 36W LED -120V - 3000K - White,1738.00,1398.00
D,D4-2026BLA,POP,Surface Ceiling - 36W LED -120V - 3000K - Black,1738.00,1398.00
D,D4-2026BAL,POP,Surface Ceiling - 36W LED -120V - 3000K -White - Aluminum,1834.00,1476.00
D,D4-2026BLA-ALM,POP,Surface Ceiling - 36W LED -120V - 3000K -Black - Aluminum,1834.00,1476.00
D,D4-2026MOK-ALM ,POP,Surface Ceiling - 36W LED -120V - 3000K -Moka-Aluminum,1834.00,1476.00
D,D4-2026GRY-ALM,POP,Surface Ceiling - 36W LED -120V - 3000K - Gray -Aluminum,1834.00,1476.00
D,D4-2026GLF-BGO,POP,Surface Ceiling - 36W LED -120V - 3000K -Gold Leaf - Brushed Gold,1966.00,1582.00
D,D4-2026SLF-ALM,POP,Surface Ceiling - 36W LED -120V - 3000K -Silver Leaf - Aluminum,1966.00,1582.00
D,D4-2026GSR ,POP,Surface Ceiling - 36W LED -120V - 3000K -Goldsilver,1966.00,1582.00
D,D4-2026CSR ,POP,Surface Ceiling - 36W LED -120V - 3000K -Coppersilver,1966.00,1582.00
D,D4-2027WHI,POP,Surface Ceiling - 50W LED -120V - 3000K - White,2392.00,1924.00
D,D4-2027BLA,POP,Surface Ceiling - 50W LED -120V - 3000K - Black,2392.00,1924.00
D,D4-2027WHI-ALM,POP,Surface Ceiling - 50W LED -120V - 3000K - White - Aluminum,2540.00,2042.00
D,D4-2027BLA-ALM,POP,Surface Ceiling - 50W LED -120V - 3000K -Black - Aluminum,2540.00,2042.00
D,D4-2027MOK-ALM ,POP,Surface Ceiling - 50W LED -120V - 3000K -Moka-Aluminum,2540.00,2042.00
D,D4-2027GRY-ALM,POP,Surface Ceiling - 50W LED -120V - 3000K - Gray -Aluminum,2540.00,2042.00
D,D4-2027GLF-BGO,POP,Surface Ceiling - 50W LED -120V - 3000K -Gold Leaf - Brushed Gold,2690.00,1950.00
D,D4-2027SLF-ALM,POP,Surface Ceiling - 50W LED -120V - 3000K -Silver Leaf - Aluminum,2690.00,1950.00
D,D4-2027GSR ,POP,Surface Ceiling - 50W LED -120V - 3000K -Goldsilver,2690.00,1950.00
D,D4-2027CSR ,POP,Surface Ceiling - 50W LED -120V - 3000K -Coppersilver,2690.00,1950.00
D,D4-1038WHI,SCUDO,Suspension - 40W LED -120V -3000K - White,2062.00,1478.00
D,D4-1038BLA,SCUDO,Suspension - 40W LED -120V -3000K - Black,2062.00,1478.00
D,D4-1038GRY,SCUDO,Suspension - 40W LED -120V -3000K - Gray,2062.00,1478.00
D,D4-1038MOK,SCUDO,Suspension - 40W LED -120V -3000K - Moka,2062.00,1478.00
D,D4-1038SLF,SCUDO,Suspension - 40W LED -120V -3000K - Silver Leaf,2160.00,1550.00
D,D4-1038GLF,SCUDO,Suspension - 40W LED -120V -3000K - Gold Leaf,2160.00,1550.00
D,D4-1030WHI,SCUDO,Suspension - 40W+17W LED -120V -3000K - White,2490.00,1792.00
D,D4-1030BLA,SCUDO,Suspension - 40W+17W LED -120V -3000K - Black,2490.00,1792.00
D,D4-1030GRY,SCUDO,Suspension - 40W+17W LED -120V -3000K -Gray,2490.00,2002.00
D,D4-1030MOK,SCUDO,Suspension - 40W+17W LED -120V -3000K - Moka,2490.00,2002.00
D,D4-1030SLF,SCUDO,Suspension - 40W+17W LED -120V -3000K - Silver Leaf,2590.00,2082.00
D,D4-1030GLF,SCUDO,Suspension - 40W+17W LED -120V -3000K - Gold Leaf,2590.00,2082.00
D,D4-2028WHI,SCUDO,Surface Ceiling - 40W LED - 120V - 3000K - White,2050.00,1648.00
D,D4-2028BLA,SCUDO,Surface Ceiling - 40W LED - 120V - 3000K - Black,2050.00,1648.00
D,D4-2028GRY,SCUDO,Surface Ceiling - 40W LED - 120V - 3000K - Gray,2050.00,1648.00
D,D4-2028MOK,SCUDO,Surface Ceiling - 40W LED - 120V - 3000K - Moka,2050.00,1648.00
D,D4-2028SLF,SCUDO,Surface Ceiling - 40W LED - 120V - 3000K - Silver Leaf,2146.00,1726.00
D,D4-2028GLF,SCUDO,Surface Ceiling - 40W LED - 120V - 3000K - Gold Leaf,2146.00,1726.00
D,D4-2029WHI,SCUDO,Surface Ceiling - 27W LED - 120V - 3000K - White,1358.00,1092.00
D,D4-2029BLA,SCUDO,Surface Ceiling - 27W LED - 120V - 3000K - Black,1358.00,1092.00
D,D4-2029GRY,SCUDO,Surface Ceiling - 27W LED - 120V - 3000K - Gray,1358.00,1092.00
D,D4-2029MOK,SCUDO,Surface Ceiling - 27W LED - 120V - 3000K - Moka,1358.00,1092.00
D,D4-2029SLF,SCUDO,Surface Ceiling - 27W LED - 120V - 3000K - Silver Leaf,1440.00,1158.00
D,D4-2029GLF,SCUDO,Surface Ceiling - 27W LED - 120V - 3000K - Gold Leaf,1440.00,1158.00
D,D4-2030WHI,SCUDO,Surface Ceiling - 13.5W LED - 120V - 3000K - White,672.00,540.00
D,D4-2030BLA,SCUDO,Surface Ceiling - 13.5W LED - 120V - 3000K - Black,672.00,540.00
D,D4-2030GRY,SCUDO,Surface Ceiling - 13.5W LED - 120V - 3000K - Gray,672.00,540.00
D,D4-2030MOK,SCUDO,Surface Ceiling - 13.5W LED - 120V - 3000K - Moka,672.00,540.00
D,D4-2030SLF,SCUDO,Surface Ceiling - 13.5W LED - 120V - 3000K - Silver Leaf,738.00,594.00
D,D4-2030GLF,SCUDO,Surface Ceiling - 13.5W LED - 120V - 3000K - Gold Leaf,738.00,594.00
D,D4-2031WHI,SCUDO,Surface Ceiling - 4.5W LED - 120V - 3000K - White,324.00,262.00
D,D4-2031BLA,SCUDO,Surface Ceiling - 4.5W LED - 120V - 3000K - Black,324.00,262.00
D,D4-2031GRY,SCUDO,Surface Ceiling - 4.5W LED - 120V - 3000K - Gray,324.00,262.00
D,D4-2031MOK,SCUDO,Surface Ceiling - 4.5W LED - 120V - 3000K - Moka,324.00,262.00
D,D4-2031SLF,SCUDO,Surface Ceiling - 4.5W LED - 120V - 3000K - Silver Leaf,360.00,290.00
D,D4-2031GLF,SCUDO,Surface Ceiling - 4.5W LED - 120V - 3000K - Gold Leaf,360.00,290.00
D,D4-2032WHI,SPILLO,Surface - 1 Arm Adjustable Light -13.20W LED -12V - 3000K - White,986.00,792.00
D,D4-2032CHR,SPILLO,Surface - 1 Arm Adjustable Light -13.20W LED -12V - 3000K - Chrome,1088.00,874.00
D,D4-2032BLA,SPILLO,Surface - 1 Arm Adjustable Light -13.20W LED -12V - 3000K - Black,986.00,792.00
D,D4-2034WHI,SPILLO,Surface - 1 Arm Adjustable Light -4.80W LED -12V - 3000K - White,500.00,402.00
D,D4-2034CHR,SPILLO,Surface - 1 Arm Adjustable Light -4.80W LED -12V - 3000K - Chrome,556.00,448.00
D,D4-2034BLA,SPILLO,Surface - 1 Arm Adjustable Light -4.80W LED -12V - 3000K - Black,500.00,402.00
D,D4-2033WHI,SPILLO,Surface - 1 Arm Adjustable Light -6.60W LED -12V - 3000K - White,570.00,460.00
D,D4-2033CHR,SPILLO,Surface - 1 Arm Adjustable Light -6.60W LED -12V - 3000K - Chrome,626.00,504.00
D,D4-2033BLA,SPILLO,Surface - 1 Arm Adjustable Light -6.60W LED -12V - 3000K - Black,570.00,458.00
D,D4-2036WHI,SPILLO,Surface - 1 Arm Adjustable Light -7.92W LED -12V - 3000K - White,656.00,528.00
D,D4-2036CHR,SPILLO,Surface - 1 Arm Adjustable Light -7.92W LED -12V - 3000K - Chrome,740.00,596.00
D,D4-2036BLA,SPILLO,Surface - 1 Arm Adjustable Light -7.92W LED -12V - 3000K - Black,656.00,528.00
D,D4-2037WHI,SPILLO,Surface - 1 Arm Adjustable Light -10.56W LED -12V - 3000K - White,830.00,668.00
D,D4-2037CHR,SPILLO,Surface - 1 Arm Adjustable Light -10.56W LED -12V - 3000K - Chrome,926.00,744.00
D,D4-2037BLA,SPILLO,Surface - 1 Arm Adjustable Light -10.56W LED -12V - 3000K - Black,830.00,668.00
D,D4-6002WHI,SPILLO,Recessed - 1 Arm Adjustable Light -13.20W LED -12V - 3000K - White,1226.00,980.00
D,D4-6002CHR,SPILLO,Recessed - 1 Arm Adjustable Light -13.20W LED -12V - 3000K - Chrome,1286.00,1028.00
D,D4-6002BLA,SPILLO,Recessed - 1 Arm Adjustable Light -13.20W LED -12V - 3000K - Black,1226.00,980.00
D,D4-9002,SPILLO,Wall Housing for Plasterboard,182.00,148.00
D,D4-9003,SPILLO,Wall Housing for Masonry,192.00,156.00
D,D4-6003WHI,SPILLO,Recessed - 1 Arm Adjustable Light -1.32W LED -12V - 3000K - White,324.00,260.00
D,D4-6003CR,SPILLO,Recessed - 1 Arm Adjustable Light -1.32W LED -12V - 3000K - Chrome,346.00,278.00
D,D4-6003BLA,SPILLO,Recessed - 1 Arm Adjustable Light -1.32W LED -12V - 3000K - Black,324.00,260.00
D,D4-9004,SPILLO,Wall Housing for Plasterboard,88.00,72.00
D,D4-9005,SPILLO,Wall Housing for Masonry,98.00,80.00
D,D4-6004WHI,SPILLO,Recessed - 1 Arm Adjustable Light -2.64W LED -12V - 3000K - White,428.00,344.00
D,D4-6004CHR,SPILLO,Recessed - 1 Arm Adjustable Light -2.64W LED -12V - 3000K - Chrome,854.00,534.00
D,D4-6004BLA,SPILLO,Recessed - 1 Arm Adjustable Light -2.64W LED -12V - 3000K - Black,854.00,534.00
D,D4-9006,SPILLO,Wall Housing for Plasterboard,96.00,78.00
D,D4-9007,SPILLO,Wall Housing for Masonry,104.00,84.00
D,D4-6005WHI,SPILLO,Recessed - 1 Arm Adjustable Light -3.96W LED -12V - 3000K - White,514.00,412.00
D,D4-6005CHR,SPILLO,Recessed - 1 Arm Adjustable Light -3.96W LED -12V - 3000K - Chrome,542.00,436.00
D,D4-6005BLA,SPILLO,Recessed - 1 Arm Adjustable Light -3.96W LED -12V - 3000K - Black,514.00,412.00
D,D4-9008,SPILLO,Wall Housing for Plasterboard,104.00,84.00
D,D4-9009,SPILLO,Wall Housing for Masonry,114.00,92.00
D,D4-6006WHI,SPILLO,Recessed - 1 Arm Adjustable Light -4.80W LED -12V - 3000K - White,978.00,774.00
D,D4-6006CHR,SPILLO,Recessed - 1 Arm Adjustable Light -4.80W LED -12V - 3000K - Chrome,1006.00,796.00
D,D4-6006BLA,SPILLO,Recessed - 1 Arm Adjustable Light -4.80W LED -12V - 3000K - Black,854.00,774.00
D,D4-9010,SPILLO,Wall Housing for Plasterboard,854.00,94.00
D,D4-9011,SPILLO,Wall Housing for Masonry,854.00,102.00
D,D4-6007WHI,SPILLO,Recessed - 1 Arm Adjustable Light -6.60W LED -12V - 3000K - White,698.00,560.00
D,D4-6007CHR,SPILLO,Recessed - 1 Arm Adjustable Light -6.60W LED -12V - 3000K - Chrome,730.00,586.00
D,D4-6007BLA,SPILLO,Recessed - 1 Arm Adjustable Light -6.60W LED -12V - 3000K - Black,854.00,534.00
D,D4-9012,SPILLO,Wall Housing for Plasterboard,854.00,534.00
D,D4-9013,SPILLO,Wall Housing for Masonry,854.00,534.00
D,D4-6008WHI,SPILLO,Recessed - 1 Arm Adjustable Light -7.92W LED -12V - 3000K - White,792.00,634.00
D,D4-6008CHR,SPILLO,Recessed - 1 Arm Adjustable Light -7.92W LED -12V - 3000K - Chrome,854.00,686.00
D,D4-6008BLA,SPILLO,Recessed - 1 Arm Adjustable Light -7.92W LED -12V - 3000K - Black,792.00,634.00
D,D4-9014,SPILLO,Wall Housing for Plasterboard,142.00,114.00
D,D4-9015,SPILLO,Wall Housing for Masonry,152.00,122.00
D,D4-6009WHI,SPILLO,Recessed - 1 Arm Adjustable Light -10.56W LED -12V - 3000K - White,984.00,788.00
D,D4-6009CHR,SPILLO,Recessed - 1 Arm Adjustable Light -10.56W LED -12V - 3000K - Chrome,916.00,846.00
D,D4-6009BLA,SPILLO,Recessed - 1 Arm Adjustable Light -10.56W LED -12V - 3000K - Black,916.00,788.00
D,D4-9016,SPILLO,Wall Housing for Plasterboard,916.00,120.00
D,D4-9017,SPILLO,Wall Housing for Masonry,158.00,128.00
D,D4-6010WHI,SPILLO,Recessed - 1 Arm Adjustable Light -13.20W LED -12V - 3000K - White,852.00,684.00
D,D4-6010CHR,SPILLO,Recessed - 1 Arm Adjustable Light -13.20W LED -12V - 3000K - Chrome,920.00,740.00
D,D4-6010BLA,SPILLO,Recessed - 1 Arm Adjustable Light -13.20W LED -12V - 3000K - Black,852.00,684.00
D,D4-9018,SPILLO,Wall Housing for Plasterboard,90.00,72.00
D,D4-9019,SPILLO,Wall Housing for Masonry,98.00,80.00
D,D4-6012WHI,SPILLO,Recessed - 1 Arm Adjustable Light -2.64W LED -12V - 3000K - White,368.00,296.00
D,D4-6012CHR,SPILLO,Recessed - 1 Arm Adjustable Light -2.64W LED -12V - 3000K - Chrome,396.00,318.00
D,D4-6012BLA,SPILLO,Recessed - 1 Arm Adjustable Light -2.64W LED -12V - 3000K - Black,368.00,296.00
D,D4-6013WHI,SPILLO,Recessed - 1 Arm Adjustable Light -3.96W LED -12V - 3000K - White,426.00,342.00
D,D4-6013CHR,SPILLO,Recessed - 1 Arm Adjustable Light -3.96W LED -12V - 3000K - Chrome,460.00,370.00
D,D4-6013BLA,SPILLO,Recessed - 1 Arm Adjustable Light -3.96W LED -12V - 3000K - Black,426.00,342.00
D,D4-6014WHI,SPILLO,Recessed - 1 Arm Adjustable Light -4.80W LED -12V - 3000K - White,476.00,384.00
D,D4-6014CHR,SPILLO,Recessed - 1 Arm Adjustable Light -4.80W LED -12V - 3000K - Chrome,520.00,418.00
D,D4-6014BLA,SPILLO,Recessed - 1 Arm Adjustable Light -4.80W LED -12V - 3000K - Black,476.00,384.00
D,D4-6015WHI,SPILLO,Recessed - 1 Arm Adjustable Light -6.60W LED -12V - 3000K - White,564.00,454.00
D,D4-6015CHR,SPILLO,Recessed - 1 Arm Adjustable Light -6.60W LED -12V - 3000K - Chrome,608.00,490.00
D,D4-6015BLA,SPILLO,Recessed - 1 Arm Adjustable Light -6.60W LED -12V - 3000K - Black,564.00,454.00
D,D4-6016WHI,SPILLO,Recessed - 1 Arm Adjustable Light -7.92W LED -12V - 3000K - White,616.00,496.00
D,D4-6016CHR,SPILLO,Recessed - 1 Arm Adjustable Light -7.92W LED -12V - 3000K - Chrome,666.00,536.00
D,D4-6016BLA,SPILLO,Recessed - 1 Arm Adjustable Light -7.92W LED -12V - 3000K - Black,616.00,496.00
D,D4-6018WHI,SPILLO,Recessed - 1 Arm Adjustable Light -10.56W LED -12V - 3000K - White,718.00,578.00
D,D4-6018CHR,SPILLO,Recessed - 1 Arm Adjustable Light -10.56W LED -12V - 3000K - Chrome,800.00,644.00
D,D4-6018BLA,SPILLO,Recessed - 1 Arm Adjustable Light -10.56W LED -12V - 3000K - Black,718.00,578.00
D,D4-6019WHI,SPILLO,Recessed - 1 Arm Adjustable Light -13.20W LED -12V - 3000K - White,850.00,684.00
D,D4-6019CHR,SPILLO,Recessed - 1 Arm Adjustable Light -13.20W LED -12V - 3000K - Chrome,918.00,740.00
D,D4-6019BLA,SPILLO,Recessed - 1 Arm Adjustable Light -13.20W LED -12V - 3000K - Black,850.00,684.00
D,D4-6020WHI,SPILLO,Recessed - 1 Arm Adjustable Light -2.64W LED -12V - 3000K - White,368.00,296.00
D,D4-6020CHR,SPILLO,Recessed - 1 Arm Adjustable Light -2.64W LED -12V - 3000K - Chrome,396.00,318.00
D,D4-6020BLA,SPILLO,Recessed - 1 Arm Adjustable Light -2.64W LED -12V - 3000K - Black,368.00,296.00
D,D4-6021WHI,SPILLO,Recessed - 1 Arm Adjustable Light -3.96W LED -12V - 3000K - White,430.00,346.00
D,D4-6021CHR,SPILLO,Recessed - 1 Arm Adjustable Light -3.96W LED -12V - 3000K - Chrome,464.00,374.00
D,D4-6021BLA,SPILLO,Recessed - 1 Arm Adjustable Light -3.96W LED -12V - 3000K - Black,430.00,346.00
D,D4-6022WHI,SPILLO,Recessed - 1 Arm Adjustable Light -4.80W LED -12V - 3000K - White,484.00,390.00
D,D4-6022CHR,SPILLO,Recessed - 1 Arm Adjustable Light -4.80W LED -12V - 3000K - Chrome,528.00,424.00
D,D4-6022BLA,SPILLO,Recessed - 1 Arm Adjustable Light -4.80W LED -12V - 3000K - Black,484.00,390.00
D,D4-6023WHI,SPILLO,Recessed - 1 Arm Adjustable Light -6.60W LED -12V - 3000K - White,574.00,462.00
D,D4-6023CHR,SPILLO,Recessed - 1 Arm Adjustable Light -6.60W LED -12V - 3000K - Chrome,618.00,498.00
D,D4-6023BLA,SPILLO,Recessed - 1 Arm Adjustable Light -6.60W LED -12V - 3000K - Black,576.00,462.00
D,D4-6024WHI,SPILLO,Recessed - 1 Arm Adjustable Light -7.92W LED -12V - 3000K - White,590.00,476.00
D,D4-6024CHR,SPILLO,Recessed - 1 Arm Adjustable Light -7.92W LED -12V - 3000K - Chrome,590.00,476.00
D,D4-6024BLA,SPILLO,Recessed - 1 Arm Adjustable Light -7.92W LED -12V - 3000K - Black,590.00,476.00
D,D4-6025WHI,SPILLO,Recessed - 1 Arm Adjustable Light -10.56W LED -12V - 3000K - White,730.00,586.00
D,D4-6025CHR,SPILLO,Recessed - 1 Arm Adjustable Light -10.56W LED -12V - 3000K - Chrome,810.00,652.00
D,D4-6025BLA,SPILLO,Recessed - 1 Arm Adjustable Light -10.56W LED -12V - 3000K - Black,730.00,586.00
D,D4-2043WHI,SPILLO,Surface - Ceiling - 2 Arm Adjustable Light - 19.80W LED -12V - 3000K - White,1514.00,1216.00
D,D4-2043CHR,SPILLO,Surface - Ceiling - 2 Arm Adjustable Light - 19.80W LED -12V - 3000K - Chrome,1638.00,1314.00
D,D4-2043BLA,SPILLO,Surface - Ceiling - 2 Arm Adjustable Light - 19.80W LED -12V - 3000K - Black,1514.00,1216.00
D,D4-2054WHI,SPILLO,Surface - Ceiling - 2 Arm Adjustable Light - 23.76W LED -12V - 3000K - White,1542.00,1354.00
D,D4-2054CHR,SPILLO,Surface - Ceiling - 2 Arm Adjustable Light - 23.76W LED -12V - 3000K - Chrome,1708.00,1490.00
D,D4-2054BLA,SPILLO,Surface - Ceiling - 2 Arm Adjustable Light - 23.76W LED -12V - 3000K - Black,1542.00,1354.00
D,D4-2055WHI,SPILLO,Surface - 2 Arm Adjustable Light - 7.44W LED -12V - 3000K - White,800.00,644.00
D,D4-2055CHR,SPILLO,Surface - 2 Arm Adjustable Light - 7.44W LED -12V - 3000K - Chrome,872.00,702.00
D,D4-2055BLA,SPILLO,Surface - 2 Arm Adjustable Light - 7.44W LED -12V - 3000K - Black,800.00,644.00
D,D4-2046WHI,SPILLO,Surface - 2 Arm Adjustable Light - 11.88W LED -12V - 3000K - White,1054.00,848.00
D,D4-2046CHR,SPILLO,Surface - 2 Arm Adjustable Light - 11.88W LED -12V - 3000K - Chrome,1158.00,932.00
D,D4-2046BLA,SPILLO,Surface - 2 Arm Adjustable Light - 11.88W LED -12V - 3000K - Black,1054.00,848.00
D,D4-2047WHI,SPILLO,Surface - 2 Arm Adjustable Light - 15.36W LED -12V - 3000K - White,1242.00,998.00
D,D4-2047CHR,SPILLO,Surface - 2 Arm Adjustable Light - 15.36W LED -12V - 3000K - Chrome,1364.00,1098.00
D,D4-2047BLA,SPILLO,Surface - 2 Arm Adjustable Light - 15.36W LED -12V - 3000K - Black,1242.00,998.00
D,D4-6011WHI,SPILLO,Recessed - 18W LED -12V -3000K -White,1404.00,1128.00
D,D4-6011CHR,SPILLO,Recessed - 18W LED -12V -3000K -Chrome,1538.00,1236.00
D,D4-6011BLA,SPILLO,Recessed - 18W LED -12V -3000K -Black,1404.00,1128.00
D,D4-9020,SPILLO,Wall Housing for Plasterboard,226.00,184.00
D,D4-9022,SPILLO,Wall Housing for Masonry,236.00,190.00
D,D4-6026WHI,SPILLO,Recessed - 2 Arm Adjustable Light - 9.24W LED -12V - 3000K - White,936.00,754.00
D,D4-6026CHR,SPILLO,Recessed - 2 Arm Adjustable Light - 9.24W LED -12V - 3000K - Chrome,1028.00,828.00
D,D4-6026BLA,SPILLO,Recessed - 2 Arm Adjustable Light - 9.24W LED -12V - 3000K - Black,936.00,754.00
D,D4-9023,SPILLO,Wall Housing for Plasterboard,152.00,122.00
D,D4-9024,SPILLO,Wall Housing for Masonry,160.00,130.00
D,D4-6027WHI,SPILLO,Recessed - 2 Arm Adjustable Light - 14.52W LED -12V - 3000K - White,1180.00,950.00
D,D4-6027CHR,SPILLO,Recessed - 2 Arm Adjustable Light - 14.52W LED -12V - 3000K - Chrome,1296.00,1044.00
D,D4-6027BLA,SPILLO,Recessed - 2 Arm Adjustable Light -14.52W LED -12V - 3000K - Black,1180.00,950.00
D,D4-9025,SPILLO,Wall Housing for Plasterboard,192.00,154.00
D,D4-9026,SPILLO,Wall Housing for Masonry,208.00,168.00
D,D4-6028WHI,SPILLO,Recessed - 19.80W LED -12V -3000K -White,1270.00,1022.00
D,D4-6028CHR,SPILLO,Recessed - 19.80W LED -12V -3000K -Chrome,1380.00,1110.00
D,D4-6028BLA,SPILLO,Recessed - 19.80W LED -12V -3000K -Black,1270.00,1022.00
D,D4-9027,SPILLO,Wall Housing for Plasterboard,98.00,80.00
D,D4-9028,SPILLO,Wall Housing for Masonry,108.00,88.00
D,D4-6029WHI,SPILLO,Recessed -2 Arm Adjustable Light - 7.44W LED -12V - 3000K - White,726.00,586.00
D,D4-6029CHR,SPILLO,Recessed -2 Arm Adjustable Light - 7.44W LED -12V - 3000K - Chrome,790.00,636.00
D,D4-6029BLA,SPILLO,Recessed -2 Arm Adjustable Light - 7.44W LED -12V - 3000K - Black,726.00,586.00
D,D4-6030WHI,SPILLO,Recessed -2 Arm Adjustable Light - 11.88W LED -12V - 3000K - White,926.00,746.00
D,D4-6030CHR,SPILLO,Recessed -2 Arm Adjustable Light - 11.88W LED -12V - 3000K - Chrome,1014.00,816.00
D,D4-6030BLA,SPILLO,Recessed -2 Arm Adjustable Light - 11.88W LED -12V - 3000K - Black,926.00,746.00
D,D4-6031WHI,SPILLO,Recessed -2 Arm Adjustable Light - 15.36W LED -12V - 3000K - White,1110.00,892.00
D,D4-6031CHR,SPILLO,Recessed -2 Arm Adjustable Light - 15.36W LED -12V - 3000K - Chrome,1190.00,958.00
D,D4-6031BLA,SPILLO,Recessed -2 Arm Adjustable Light - 15.36W LED -12V - 3000K - Black,1110.00,892.00
D,D4-2048WHI,SPILLO,Surface -3 Arm Adjustable Light - 31.68W LED -12V - 3000K - White,2442.00,1960.00
D,D4-2048CHR,SPILLO,Surface -3 Arm Adjustable Light - 31.68W LED -12V - 3000K - Chrome,2646.00,2124.00
D,D4-2048BLA,SPILLO,Surface -3 Arm Adjustable Light - 31.68W LED -12V - 3000K - Black,2442.00,1960.00
D,D4-2049WHI,SPILLO,Surface -3 Arm Adjustable Light - 23.28W LED -12V - 3000K - White,1872.00,1698.00
D,D4-2049CHR,SPILLO,Surface -3 Arm Adjustable Light - 23.28W LED -12V - 3000K - Chrome,2024.00,1822.00
D,D4-2049BLA,SPILLO,Surface -3 Arm Adjustable Light - 23.28W LED -12V - 3000K - Black,1872.00,1698.00
D,D4-6032WHI,SPILLO,Recessed -3 Arm Adjustable Light - 31.68W LED -12V - 3000K - White,1828.00,1664.00
D,D4-6032CHR,SPILLO,Recessed -3 Arm Adjustable Light - 31.68W LED -12V - 3000K - Chrome,2006.00,1808.00
D,D4-6032BLA,SPILLO,Recessed -3 Arm Adjustable Light - 31.68W LED -12V - 3000K - Black,1828.00,1664.00
D,D4-9029,SPILLO,Wall Housing for Plasterboard,192.00,156.00
D,D4-9030,SPILLO,Wall Housing for Masonry,226.00,184.00
D,D4-6033WHI,SPILLO,Recessed -3 Arm Adjustable Light - 23.28W LED -12V - 3000K - White,1574.00,1290.00
D,D4-6033CHR,SPILLO,Recessed -3 Arm Adjustable Light - 23.28W LED -12V - 3000K - Chrome,1736.00,1418.00
D,D4-6033BLA,SPILLO,Recessed -3 Arm Adjustable Light - 23.28W LED -12V - 3000K - Black,1576.00,1290.00
D,D4-3024WHI,SPILLO,Surface Wall  - 5.28W LED -12V -3000K - White,668.00,538.00
D,D4-3024CHR,SPILLO,Surface Wall  - 5.28W LED -12V -3000K - Chrome,742.00,598.00
D,D4-3024BLA,SPILLO,Surface Wall  - 5.28W LED -12V -3000K - Black,668.00,538.00
D,D4-3024GLF-GSR,SPILLO,Surface Wall  - 5.28W LED -12V -3000K - Gold Leaf - Gold Silver,810.00,650.00
D,D4-6017WHI,SPILLO,Recessed -5 Arm Adjustable Light - 45.72W LED -12V - 3000K - White,2984.00,2396.00
D,D4-6017CHR,SPILLO,Recessed -5 Arm Adjustable Light - 45.72W LED -12V - 3000K - Chrome,3192.00,2562.00
D,D4-6017BLA,SPILLO,Recessed -5 Arm Adjustable Light - 45.72W LED -12V - 3000K - Black,2984.00,2396.00
D,D4-3036WHI,SPILLO,Surface Wall  - 7.92W LED -12V -3000K - White,824.00,662.00
D,D4-3036CHR,SPILLO,Surface Wall  - 7.92W LED -12V -3000K - Chrome,892.00,718.00
D,D4-3036BLA,SPILLO,Surface Wall  - 7.92W LED -12V -3000K - Black,824.00,662.00
D,D4-3036GLF-GSR,SPILLO,Surface Wall  - 7.92W LED -12V -3000K - Gold Leaf - Gold Silver,964.00,776.00
D,D4-2053WHI,SPILLO,Surface Ceiling - RODS - 47W -12V - 3000K - White,3342.00,2690.00
D,D4-2053CHR,SPILLO,Surface Ceiling - RODS - 47W -12V - 3000K - Chrome,4032.00,3248.00
D,D4-2050WHI,SPILLO,Surface Ceiling - RODS - 13.20W -12V - 3000K - White,1904.00,1532.00
D,D4-2050CHR,SPILLO,Surface Ceiling - RODS - 13.20W -12V - 3000K - Chrome,2004.00,1612.00
D,D4-2051WHI,SPILLO,Surface Ceiling - RODS - 40W -12V - 3000K - White,2104.00,1694.00
D,D4-2051CHR,SPILLO,Surface Ceiling - RODS - 40W -12V - 3000K - Chrome,2268.00,1826.00
D,D4-2038WHI,SWING,Surface Ceiling -4.5W LED - 120V - 3000K - White,322.00,260.00
D,D4-2038BLA,SWING,Surface Ceiling -4.5W LED - 120V - 3000K - Black,322.00,260.00
D,D4-2038GRY,SWING,Surface Ceiling -4.5W LED - 120V - 3000K - Gray,322.00,260.00
D,D4-2038MOK,SWING,Surface Ceiling -4.5W LED - 120V - 3000K - Moka,322.00,260.00
D,D4-2038DGY,SWING,Surface Ceiling -4.5W LED - 120V - 3000K - Dove Gray,322.00,260.00
D,D4-2038GLF,SWING,Surface Ceiling -4.5W LED - 120V - 3000K - Gold Leaf,356.00,288.00
D,D4-2038SLF,SWING,Surface Ceiling -4.5W LED - 120V - 3000K - Silver Leaf,356.00,288.00
D,D4-2038RUS,SWING,Surface Ceiling -4.5W LED - 120V - 3000K - Rust,384.00,310.00
D,D4-2038GSR,SWING,Surface Ceiling -4.5W LED - 120V - 3000K - Gold Silver,356.00,288.00
D,D4-2038CSR,SWING,Surface Ceiling -4.5W LED - 120V - 3000K - Copper Silver,356.00,288.00
D,D4-6034WHI,SWING,Recessed Ceiling -4.5W LED -120V -3000K - White,320.00,258.00
D,D4-6034BLA,SWING,Recessed Ceiling -4.5W LED -120V -3000K - Black,320.00,258.00
D,D4-6034GRA,SWING,Recessed Ceiling -4.5W LED -120V -3000K - Gray,320.00,258.00
D,D4-6034MOK,SWING,Recessed Ceiling -4.5W LED -120V -3000K - Moka,320.00,258.00
D,D4-6034DGY,SWING,Recessed Ceiling -4.5W LED -120V -3000K - Dove Gray,320.00,258.00
D,D4-6034GLF,SWING,Recessed Ceiling -4.5W LED -120V -3000K - Gold Leaf,354.00,286.00
D,D4-6034SLF,SWING,Recessed Ceiling -4.5W LED -120V -3000K - Silver Leaf,354.00,286.00
D,D4-6034RUS,SWING,Recessed Ceiling -4.5W LED -120V -3000K - Rust,382.00,308.00
D,D4-6034GSR,SWING,Recessed Ceiling -4.5W LED -120V -3000K - Gold Silver,354.00,286.00
D,D4-6034CSR,SWING,Recessed Ceiling -4.5W LED -120V -3000K - Copper Silver,354.00,286.00
D,D4-6035WHI,SWING,Recessed Ceiling -9W LED -120V -3000K - White,496.00,400.00
D,D4-6035BLA,SWING,Recessed Ceiling -9W LED -120V -3000K - Black,496.00,400.00
D,D4-6035GRA,SWING,Recessed Ceiling -9W LED -120V -3000K - Gray,496.00,400.00
D,D4-6035MOK,SWING,Recessed Ceiling -9W LED -120V -3000K - Moka,496.00,400.00
D,D4-6035DGY,SWING,Recessed Ceiling -9W LED -120V -3000K - Dove Gray,496.00,400.00
D,D4-6035GLF,SWING,Recessed Ceiling -9W LED -120V -3000K - Gold Leaf,544.00,438.00
D,D4-6035SLF,SWING,Recessed Ceiling -9W LED -120V -3000K - Silver Leaf,544.00,438.00
D,D4-6035RUS,SWING,Recessed Ceiling -9W LED -120V -3000K - Rust,594.00,478.00
D,D4-6035GSR,SWING,Recessed Ceiling -9W LED -120V -3000K - Gold Silver,544.00,438.00
D,D4-6035CSR,SWING,Recessed Ceiling -9W LED -120V -3000K - Copper Silver,544.00,438.00
D,D4-6036WHI,SWING,Recessed Ceiling -18W LED -120V -3000K - White,830.00,670.00
D,D4-6036BLA,SWING,Recessed Ceiling -18W LED -120V -3000K - Black,830.00,670.00
D,D4-6036GRA,SWING,Recessed Ceiling -18W LED -120V -3000K - Gray,830.00,670.00
D,D4-6036MOK,SWING,Recessed Ceiling -18W LED -120V -3000K - Moka,830.00,670.00
D,D4-6036DGY,SWING,Recessed Ceiling -18W LED -120V -3000K - Dove Gray,830.00,670.00
D,D4-6036GLF,SWING,Recessed Ceiling -18W LED -120V -3000K - Gold Leaf,948.00,762.00
D,D4-6036SLF,SWING,Recessed Ceiling -18W LED -120V -3000K - Silver Leaf,948.00,762.00
D,D4-6036RUS,SWING,Recessed Ceiling -18W LED -120V -3000K - Rust,998.00,804.00
D,D4-6036GSR,SWING,Recessed Ceiling -18W LED -120V -3000K - Gold Silver,948.00,762.00
D,D4-6036CSR,SWING,Recessed Ceiling -18W LED -120V -3000K - Copper Silver,948.00,762.00
D,D4-3030BAL,SWING,Surface Wall  -4.5W LED - 120V - 3000K - Brushed Aluminum,374.00,300.00
D,D4-3030WHI,SWING,Surface Wall  -4.5W LED - 120V - 3000K - White,326.00,264.00
D,D4-3030GLF,SWING,Surface Wall  -4.5W LED - 120V - 3000K - Gold Leaf,374.00,300.00
D,D4-3030GRA,SWING,Surface Wall  -4.5W LED - 120V - 3000K - Gray,326.00,264.00
D,D4-3030MOK,SWING,Surface Wall  -4.5W LED - 120V - 3000K - Moka,326.00,264.00
D,D4-3030BLA,SWING,Surface Wall  -4.5W LED - 120V - 3000K - Black,326.00,264.00
D,D4-3031WHI,SWING,Surface Wall  -48W LED - 120V - 3000K - White,2278.00,1832.00
D,D4-3031BLA,SWING,Surface Wall  -48W LED - 120V - 3000K -Black,2278.00,1832.00
D,D4-3031GRA,SWING,Surface Wall  -48W LED - 120V - 3000K -Gray,2278.00,1832.00
D,D4-3031MOK,SWING,Surface Wall  -48W LED - 120V - 3000K -Moka,2278.00,1832.00
D,D4-3031DGY,SWING,Surface Wall  -48W LED - 120V - 3000K -Dove Gray,2278.00,1832.00
D,D4-3031GLF,SWING,Surface Wall  -48W LED - 120V - 3000K -Gold leaf,2542.00,2046.00
D,D4-3031SLF,SWING,Surface Wall  -48W LED - 120V - 3000K - Silver Leaf,2542.00,2046.00
D,D4-3031RUS,SWING,Surface Wall  -48W LED - 120V - 3000K - Rust,2708.00,2180.00
D,D4-3031GSR,SWING,Surface Wall  -48W LED - 120V - 3000K -Gold Silver,2542.00,2046.00
D,D4-3031CSR,SWING,Surface Wall  -48W LED - 120V - 3000K -Copper Silver,2542.00,2046.00
D,D4-3027BAL,SWING,Surface Wall  - 8W LED - 120V - 3000K - Brushed Aluminum,596.00,480.00
D,D4-3027WHI,SWING,Surface Wall  - 8W LED - 120V - 3000K - White,524.00,422.00
D,D4-3027GLF,SWING,Surface Wall  - 8W LED - 120V - 3000K - Gold Leaf,598.00,482.00
D,D4-3027GRY,SWING,Surface Wall  - 8W LED - 120V - 3000K - Gray,524.00,422.00
D,D4-3027MOK,SWING,Surface Wall  - 8W LED - 120V - 3000K - Moka,524.00,422.00
D,D4-3027BLA,SWING,Surface Wall  - 8W LED - 120V - 3000K - Black,524.00,422.00
D,D4-2039WHI,SWING,Surface Ceiling  - 9W LED - 120V - 3000K - White,500.00,402.00
D,D4-2039BLA,SWING,Surface Ceiling  - 9W LED - 120V - 3000K - Black,500.00,402.00
D,D4-2039GRA,SWING,Surface Ceiling  - 9W LED - 120V - 3000K - Gray,500.00,402.00
D,D4-2039MOK,SWING,Surface Ceiling  - 9W LED - 120V - 3000K - Moka,500.00,402.00
D,D4-2039DGY,SWING,Surface Ceiling  - 9W LED - 120V - 3000K - Dove Gray,500.00,402.00
D,D4-2039GLF,SWING,Surface Ceiling  - 9W LED - 120V - 3000K - Gold Leaf,546.00,440.00
D,D4-2039SLF,SWING,Surface Ceiling  - 9W LED - 120V - 3000K - Silver Leaf,546.00,440.00
D,D4-2039RUS,SWING,Surface Ceiling  - 9W LED - 120V - 3000K - Rust,596.00,480.00
D,D4-2039GSR,SWING,Surface Ceiling  - 9W LED - 120V - 3000K - Gold Silver,546.00,440.00
D,D4-2039CSR,SWING,Surface Ceiling  - 9W LED - 120V - 3000K - Copper Silver,546.00,440.00
D,D4-2040BAL,SWING,Surface Wall  -18W LED - 120V - 3000K - Brushed Aluminum,1048.00,844.00
D,D4-2040WHI,SWING,Surface Wall  -18W LED - 120V - 3000K - White,916.00,738.00
D,D4-2040GLF,SWING,Surface Wall  -18W LED - 120V - 3000K - Gold Leaf,1048.00,844.00
D,D4-2040GRA,SWING,Surface Wall  -18W LED - 120V - 3000K - Gray,916.00,738.00
D,D4-2040MOK,SWING,Surface Wall  -18W LED - 120V - 3000K - Moka,916.00,738.00
D,D4-2040BLA,SWING,Surface Wall  -18W LED - 120V - 3000K - Black,916.00,738.00
D,D4-2041WHI,SWING,Surface Ceiling -18W LED - 120V - 3000K - White,838.00,674.00
D,D4-2041BLA,SWING,Surface Ceiling -18W LED - 120V - 3000K - Black,838.00,674.00
D,D4-2041GRA,SWING,Surface Ceiling -18W LED - 120V - 3000K - Gray,838.00,674.00
D,D4-2041MOK,SWING,Surface Ceiling -18W LED - 120V - 3000K - Moka,838.00,674.00
D,D4-2041DGY,SWING,Surface Ceiling -18W LED - 120V - 3000K - Dove Gray,838.00,674.00
D,D4-2041GLF,SWING,Surface Ceiling -18W LED - 120V - 3000K - Gold Leaf,954.00,768.00
D,D4-2041SLF,SWING,Surface Ceiling -18W LED - 120V - 3000K - Silver Leaf,954.00,768.00
D,D4-2041RUS,SWING,Surface Ceiling -18W LED - 120V - 3000K - Rust,1004.00,810.00
D,D4-2041GSR,SWING,Surface Ceiling -18W LED - 120V - 3000K - Gold Silver,954.00,768.00
D,D4-2041CSR,SWING,Surface Ceiling -18W LED - 120V - 3000K - Copper Silver,954.00,768.00
D,D4-2035WHI,SWING,Surface Ceiling -27W LED - 120V - 3000K - White,1190.00,956.00
D,D4-2035BLA,SWING,Surface Ceiling -27W LED - 120V - 3000K - Black,1190.00,956.00
D,D4-2035GRY,SWING,Surface Ceiling -27W LED - 120V - 3000K - Gray,1190.00,956.00
D,D4-2035MOK,SWING,Surface Ceiling -27W LED - 120V - 3000K - Moka,1190.00,956.00
D,D4-2035DGY,SWING,Surface Ceiling -27W LED - 120V - 3000K - Dove Gray,1190.00,956.00
D,D4-2035GLF,SWING,Surface Ceiling -27W LED - 120V - 3000K - Gold Leaf,1306.00,1052.00
D,D4-2035SLF,SWING,Surface Ceiling -27W LED - 120V - 3000K - Silver Leaf,1306.00,1052.00
D,D4-2035RUS,SWING,Surface Ceiling -27W LED - 120V - 3000K - Rust,1416.00,1140.00
D,D4-2035GSR,SWING,Surface Ceiling -27W LED - 120V - 3000K - Gold Silver,1306.00,1052.00
D,D4-2035CSR,SWING,Surface Ceiling -27W LED - 120V - 3000K - Copper Silver,1306.00,1052.00
D,D4-2042WHI,SWING,Surface Ceiling -36W LED - 120V - 3000K - White,1568.00,1262.00
D,D4-2042BLA,SWING,Surface Ceiling -36W LED - 120V - 3000K - Black,1568.00,1262.00
D,D4-2042GRY,SWING,Surface Ceiling -36W LED - 120V - 3000K - Gray,1568.00,1260.00
D,D4-2042MOK,SWING,Surface Ceiling -36W LED - 120V - 3000K - Moka,1568.00,1262.00
D,D4-2042DGY,SWING,Surface Ceiling -36W LED - 120V - 3000K - Dove Gray,1568.00,1262.00
D,D4-2042GLF,SWING,Surface Ceiling -36W LED - 120V - 3000K - Gold Leaf,1802.00,1450.00
D,D4-2042SLF,SWING,Surface Ceiling -36W LED - 120V - 3000K - Silver Leaf,1802.00,1450.00
D,D4-2042RUS,SWING,Surface Ceiling -36W LED - 120V - 3000K - Rust,1874.00,1508.00
D,D4-2042GSR,SWING,Surface Ceiling -36W LED - 120V - 3000K - Gold Silver,1802.00,1450.00
D,D4-2042CSR,SWING,Surface Ceiling -36W LED - 120V - 3000K - Copper Silver,1802.00,1450.00
D,D4-1031WHI,GIUUP,Suspension -70cm -40W LED -120V -3000K - White,1410.00,1130.00
D,D4-1031BLA,GIUUP,Suspension -70cm -40W LED -120V -3000K - Black,1410.00,1130.00
D,D4-1031DGR,GIUUP,Suspension -70cm -40W LED -120V -3000K - Dove Gray,1410.00,1130.00
D,D4-1039WHI,GIUUP,Suspension -90cm -40W LED -120V -3000K - White,1480.00,1186.00
D,D4-1039BLA,GIUUP,Suspension -90cm -40W LED -120V -3000K - Black,1480.00,1186.00
D,D4-1039DGY,GIUUP,Suspension -90cm -40W LED -120V -3000K - Dove Gray,1480.00,1186.00
D,D4-1040WHI,GIUUP,Suspension -50cm -40W LED -120V -3000K - White,1356.00,1090.00
D,D4-1040BLA,GIUUP,Suspension -50cm -40W LED -120V -3000K - Black,1356.00,1090.00
D,D4-1040DGY,GIUUP,Suspension -50cm -40W LED -120V -3000K - Dove Gray,1356.00,1090.00
D,D4-3028WHI,GIUUP,Surface Wall  - 20W LED - 120 - 3000K - White,942.00,758.00
D,D4-3028BLA,GIUUP,Surface Wall  - 20W LED - 120 - 3000K - Black,942.00,758.00
D,D4-3028DGY,GIUUP,Surface Wall  - 20W LED - 120 - 3000K - Dove Gray,942.00,758.00
D,D4-3032WHI,GIUUP,Surface Wall  - 40W LED - 120 - 3000K - White,1212.00,976.00
D,D4-3032BLA,GIUUP,Surface Wall  - 40W LED - 120 - 3000K - Black,1212.00,976.00
D,D4-3032DGY,GIUUP,Surface Wall  - 40W LED - 120 - 3000K - Dove Gray,1212.00,976.00
D,D4-3033WHI,GIUUP,Surface Wall  - 20W LED - 120 - 3000K - White,934.00,752.00
D,D4-3033BLA,GIUUP,Surface Wall  - 20W LED - 120 - 3000K - Black,934.00,752.00
D,D4-3033DGY,GIUUP,Surface Wall  - 20W LED - 120 - 3000K - Dove Gray,934.00,752.00
D,D4-3029WHI,GIUUP,Surface Wall  - 40W LED - 120 - 3000K - White,1206.00,972.00
D,D4-3029BLK,GIUUP,Surface Wall  - 40W LED - 120 - 3000K - Black,1206.00,972.00
D,D4-3029DRY,GIUUP,Surface Wall  - 40W LED - 120 - 3000K - Dove Gray,1206.00,972.00
D,D4-3034WHI,GIUUP,Surface Wall  -2 Light - 40W LED - 120 - 3000K - White,1840.00,1482.00
D,D4-3034BLA,GIUUP,Surface Wall  -2 Light - 40W LED - 120 - 3000K - Black,1840.00,1482.00
D,D4-3034DGY,GIUUP,Surface Wall  -2 Light - 40W LED - 120 - 3000K - Dove Gray,1840.00,1482.00
D,D4-3035WHI,GIUUP,Surface Wall  -2 Light - 80W LED - 120 - 3000K - White,2366.00,1906.00
D,D4-3035BLA,GIUUP,Surface Wall  -2 Light - 80W LED - 120 - 3000K - Black,2366.00,1906.00
D,D4-3035DGY,GIUUP,Surface Wall  -2 Light - 80W LED - 120 - 3000K - Dove Gray,2366.00,1906.00
